from_id,to_id,source,is_derived
person-0266,person-0286,team,True
person-0266,person-0306,team,True
person-0266,person-0311,team,True
person-0266,person-0341,team,True
person-0266,person-0346,team,True
person-0266,person-0366,team,True
person-0266,person-0171,team,True
person-0266,person-0191,team,True
person-0266,person-0211,team,True
person-0266,person-0216,team,True
person-0266,person-0221,team,True
person-0266,person-0256,team,True
person-0266,person-0261,team,True
person-0266,person-0091,team,True
person-0266,person-0096,team,True
person-0266,person-0141,team,True
person-0266,person-0146,team,True
person-0266,person-0151,team,True
person-0266,person-0051,team,True
person-0266,person-0016,team,True
person-0266,person-0021,team,True
person-0266,person-0026,team,True
person-0266,person-0000,team,True
person-0266,person-0380,team,True
person-0286,person-0306,team,True
person-0286,person-0311,team,True
person-0286,person-0341,team,True
person-0286,person-0346,team,True
person-0286,person-0366,team,True
person-0286,person-0171,team,True
person-0286,person-0191,team,True
person-0286,person-0211,team,True
person-0286,person-0216,team,True
person-0286,person-0221,team,True
person-0286,person-0256,team,True
person-0286,person-0261,team,True
person-0286,person-0091,team,True
person-0286,person-0096,team,True
person-0286,person-0141,team,True
person-0286,person-0146,team,True
person-0286,person-0151,team,True
person-0286,person-0051,team,True
person-0286,person-0016,team,True
person-0286,person-0021,team,True
person-0286,person-0026,team,True
person-0286,person-0000,team,True
person-0286,person-0380,team,True
person-0306,person-0311,team,True
person-0306,person-0341,team,True
person-0306,person-0346,team,True
person-0306,person-0366,team,True
person-0306,person-0171,team,True
person-0306,person-0191,team,True
person-0306,person-0211,team,True
person-0306,person-0216,team,True
person-0306,person-0221,team,True
person-0306,person-0256,team,True
person-0306,person-0261,team,True
person-0306,person-0091,team,True
person-0306,person-0096,team,True
person-0306,person-0141,team,True
person-0306,person-0146,team,True
person-0306,person-0151,team,True
person-0306,person-0051,team,True
person-0306,person-0016,team,True
person-0306,person-0021,team,True
person-0306,person-0026,team,True
person-0306,person-0000,team,True
person-0306,person-0380,team,True
person-0311,person-0341,team,True
person-0311,person-0346,team,True
person-0311,person-0366,team,True
person-0311,person-0171,team,True
person-0311,person-0191,team,True
person-0311,person-0211,team,True
person-0311,person-0216,team,True
person-0311,person-0221,team,True
person-0311,person-0256,team,True
person-0311,person-0261,team,True
person-0311,person-0091,team,True
person-0311,person-0096,team,True
person-0311,person-0141,team,True
person-0311,person-0146,team,True
person-0311,person-0151,team,True
person-0311,person-0051,team,True
person-0311,person-0016,team,True
person-0311,person-0021,team,True
person-0311,person-0026,team,True
person-0311,person-0000,team,True
person-0311,person-0380,team,True
person-0341,person-0346,team,True
person-0341,person-0366,team,True
person-0341,person-0171,team,True
person-0341,person-0191,team,True
person-0341,person-0211,team,True
person-0341,person-0216,team,True
person-0341,person-0221,team,True
person-0341,person-0256,team,True
person-0341,person-0261,team,True
person-0341,person-0091,team,True
person-0341,person-0096,team,True
person-0341,person-0141,team,True
person-0341,person-0146,team,True
person-0341,person-0151,team,True
person-0341,person-0051,team,True
person-0341,person-0016,team,True
person-0341,person-0021,team,True
person-0341,person-0026,team,True
person-0341,person-0000,team,True
person-0341,person-0380,team,True
person-0346,person-0366,team,True
person-0346,person-0171,team,True
person-0346,person-0191,team,True
person-0346,person-0211,team,True
person-0346,person-0216,team,True
person-0346,person-0221,team,True
person-0346,person-0256,team,True
person-0346,person-0261,team,True
person-0346,person-0091,team,True
person-0346,person-0096,team,True
person-0346,person-0141,team,True
person-0346,person-0146,team,True
person-0346,person-0151,team,True
person-0346,person-0051,team,True
person-0346,person-0016,team,True
person-0346,person-0021,team,True
person-0346,person-0026,team,True
person-0346,person-0000,team,True
person-0346,person-0380,team,True
person-0366,person-0171,team,True
person-0366,person-0191,team,True
person-0366,person-0211,team,True
person-0366,person-0216,team,True
person-0366,person-0221,team,True
person-0366,person-0256,team,True
person-0366,person-0261,team,True
person-0366,person-0091,team,True
person-0366,person-0096,team,True
person-0366,person-0141,team,True
person-0366,person-0146,team,True
person-0366,person-0151,team,True
person-0366,person-0051,team,True
person-0366,person-0016,team,True
person-0366,person-0021,team,True
person-0366,person-0026,team,True
person-0366,person-0000,team,True
person-0366,person-0380,team,True
person-0171,person-0191,team,True
person-0171,person-0211,team,True
person-0171,person-0216,team,True
person-0171,person-0221,team,True
person-0171,person-0256,team,True
person-0171,person-0261,team,True
person-0171,person-0091,team,True
person-0171,person-0096,team,True
person-0171,person-0141,team,True
person-0171,person-0146,team,True
person-0171,person-0151,team,True
person-0171,person-0051,team,True
person-0171,person-0016,team,True
person-0171,person-0021,team,True
person-0171,person-0026,team,True
person-0171,person-0000,team,True
person-0171,person-0380,team,True
person-0191,person-0211,team,True
person-0191,person-0216,team,True
person-0191,person-0221,team,True
person-0191,person-0256,team,True
person-0191,person-0261,team,True
person-0191,person-0091,team,True
person-0191,person-0096,team,True
person-0191,person-0141,team,True
person-0191,person-0146,team,True
person-0191,person-0151,team,True
person-0191,person-0051,team,True
person-0191,person-0016,team,True
person-0191,person-0021,team,True
person-0191,person-0026,team,True
person-0191,person-0000,team,True
person-0191,person-0380,team,True
person-0211,person-0216,team,True
person-0211,person-0221,team,True
person-0211,person-0256,team,True
person-0211,person-0261,team,True
person-0211,person-0091,team,True
person-0211,person-0096,team,True
person-0211,person-0141,team,True
person-0211,person-0146,team,True
person-0211,person-0151,team,True
person-0211,person-0051,team,True
person-0211,person-0016,team,True
person-0211,person-0021,team,True
person-0211,person-0026,team,True
person-0211,person-0000,team,True
person-0211,person-0380,team,True
person-0216,person-0221,team,True
person-0216,person-0256,team,True
person-0216,person-0261,team,True
person-0216,person-0091,team,True
person-0216,person-0096,team,True
person-0216,person-0141,team,True
person-0216,person-0146,team,True
person-0216,person-0151,team,True
person-0216,person-0051,team,True
person-0216,person-0016,team,True
person-0216,person-0021,team,True
person-0216,person-0026,team,True
person-0216,person-0000,team,True
person-0216,person-0380,team,True
person-0221,person-0256,team,True
person-0221,person-0261,team,True
person-0221,person-0091,team,True
person-0221,person-0096,team,True
person-0221,person-0141,team,True
person-0221,person-0146,team,True
person-0221,person-0151,team,True
person-0221,person-0051,team,True
person-0221,person-0016,team,True
person-0221,person-0021,team,True
person-0221,person-0026,team,True
person-0221,person-0000,team,True
person-0221,person-0380,team,True
person-0256,person-0261,team,True
person-0256,person-0091,team,True
person-0256,person-0096,team,True
person-0256,person-0141,team,True
person-0256,person-0146,team,True
person-0256,person-0151,team,True
person-0256,person-0051,team,True
person-0256,person-0016,team,True
person-0256,person-0021,team,True
person-0256,person-0026,team,True
person-0256,person-0000,team,True
person-0256,person-0380,team,True
person-0261,person-0091,team,True
person-0261,person-0096,team,True
person-0261,person-0141,team,True
person-0261,person-0146,team,True
person-0261,person-0151,team,True
person-0261,person-0051,team,True
person-0261,person-0016,team,True
person-0261,person-0021,team,True
person-0261,person-0026,team,True
person-0261,person-0000,team,True
person-0261,person-0380,team,True
person-0091,person-0096,team,True
person-0091,person-0141,team,True
person-0091,person-0146,team,True
person-0091,person-0151,team,True
person-0091,person-0051,team,True
person-0091,person-0016,team,True
person-0091,person-0021,team,True
person-0091,person-0026,team,True
person-0091,person-0000,team,True
person-0091,person-0380,team,True
person-0096,person-0141,team,True
person-0096,person-0146,team,True
person-0096,person-0151,team,True
person-0096,person-0051,team,True
person-0096,person-0016,team,True
person-0096,person-0021,team,True
person-0096,person-0026,team,True
person-0096,person-0000,team,True
person-0096,person-0380,team,True
person-0141,person-0146,team,True
person-0141,person-0151,team,True
person-0141,person-0051,team,True
person-0141,person-0016,team,True
person-0141,person-0021,team,True
person-0141,person-0026,team,True
person-0141,person-0000,team,True
person-0141,person-0380,team,True
person-0146,person-0151,team,True
person-0146,person-0051,team,True
person-0146,person-0016,team,True
person-0146,person-0021,team,True
person-0146,person-0026,team,True
person-0146,person-0000,team,True
person-0146,person-0380,team,True
person-0151,person-0051,team,True
person-0151,person-0016,team,True
person-0151,person-0021,team,True
person-0151,person-0026,team,True
person-0151,person-0000,team,True
person-0151,person-0380,team,True
person-0051,person-0016,team,True
person-0051,person-0021,team,True
person-0051,person-0026,team,True
person-0051,person-0000,team,True
person-0051,person-0380,team,True
person-0016,person-0021,team,True
person-0016,person-0026,team,True
person-0016,person-0000,team,True
person-0016,person-0380,team,True
person-0021,person-0026,team,True
person-0021,person-0000,team,True
person-0021,person-0380,team,True
person-0026,person-0000,team,True
person-0026,person-0380,team,True
person-0000,person-0380,team,True
person-0267,person-0282,team,True
person-0267,person-0327,team,True
person-0267,person-0332,team,True
person-0267,person-0342,team,True
person-0267,person-0347,team,True
person-0267,person-0162,team,True
person-0267,person-0172,team,True
person-0267,person-0182,team,True
person-0267,person-0212,team,True
person-0267,person-0227,team,True
person-0267,person-0077,team,True
person-0267,person-0092,team,True
person-0267,person-0137,team,True
person-0267,person-0042,team,True
person-0267,person-0057,team,True
person-0267,person-0017,team,True
person-0267,person-0027,team,True
person-0267,person-0007,team,True
person-0267,person-0002,team,True
person-0267,person-0376,team,True
person-0267,person-0396,team,True
person-0282,person-0327,team,True
person-0282,person-0332,team,True
person-0282,person-0342,team,True
person-0282,person-0347,team,True
person-0282,person-0162,team,True
person-0282,person-0172,team,True
person-0282,person-0182,team,True
person-0282,person-0212,team,True
person-0282,person-0227,team,True
person-0282,person-0077,team,True
person-0282,person-0092,team,True
person-0282,person-0137,team,True
person-0282,person-0042,team,True
person-0282,person-0057,team,True
person-0282,person-0017,team,True
person-0282,person-0027,team,True
person-0282,person-0007,team,True
person-0282,person-0002,team,True
person-0282,person-0376,team,True
person-0282,person-0396,team,True
person-0327,person-0332,team,True
person-0327,person-0342,team,True
person-0327,person-0347,team,True
person-0327,person-0162,team,True
person-0327,person-0172,team,True
person-0327,person-0182,team,True
person-0327,person-0212,team,True
person-0327,person-0227,team,True
person-0327,person-0077,team,True
person-0327,person-0092,team,True
person-0327,person-0137,team,True
person-0327,person-0042,team,True
person-0327,person-0057,team,True
person-0327,person-0017,team,True
person-0327,person-0027,team,True
person-0327,person-0007,team,True
person-0327,person-0002,team,True
person-0327,person-0376,team,True
person-0327,person-0396,team,True
person-0332,person-0342,team,True
person-0332,person-0347,team,True
person-0332,person-0162,team,True
person-0332,person-0172,team,True
person-0332,person-0182,team,True
person-0332,person-0212,team,True
person-0332,person-0227,team,True
person-0332,person-0077,team,True
person-0332,person-0092,team,True
person-0332,person-0137,team,True
person-0332,person-0042,team,True
person-0332,person-0057,team,True
person-0332,person-0017,team,True
person-0332,person-0027,team,True
person-0332,person-0007,team,True
person-0332,person-0002,team,True
person-0332,person-0376,team,True
person-0332,person-0396,team,True
person-0342,person-0347,team,True
person-0342,person-0162,team,True
person-0342,person-0172,team,True
person-0342,person-0182,team,True
person-0342,person-0212,team,True
person-0342,person-0227,team,True
person-0342,person-0077,team,True
person-0342,person-0092,team,True
person-0342,person-0137,team,True
person-0342,person-0042,team,True
person-0342,person-0057,team,True
person-0342,person-0017,team,True
person-0342,person-0027,team,True
person-0342,person-0007,team,True
person-0342,person-0002,team,True
person-0342,person-0376,team,True
person-0342,person-0396,team,True
person-0347,person-0162,team,True
person-0347,person-0172,team,True
person-0347,person-0182,team,True
person-0347,person-0212,team,True
person-0347,person-0227,team,True
person-0347,person-0077,team,True
person-0347,person-0092,team,True
person-0347,person-0137,team,True
person-0347,person-0042,team,True
person-0347,person-0057,team,True
person-0347,person-0017,team,True
person-0347,person-0027,team,True
person-0347,person-0007,team,True
person-0347,person-0002,team,True
person-0347,person-0376,team,True
person-0347,person-0396,team,True
person-0162,person-0172,team,True
person-0162,person-0182,team,True
person-0162,person-0212,team,True
person-0162,person-0227,team,True
person-0162,person-0077,team,True
person-0162,person-0092,team,True
person-0162,person-0137,team,True
person-0162,person-0042,team,True
person-0162,person-0057,team,True
person-0162,person-0017,team,True
person-0162,person-0027,team,True
person-0162,person-0007,team,True
person-0162,person-0002,team,True
person-0162,person-0376,team,True
person-0162,person-0396,team,True
person-0172,person-0182,team,True
person-0172,person-0212,team,True
person-0172,person-0227,team,True
person-0172,person-0077,team,True
person-0172,person-0092,team,True
person-0172,person-0137,team,True
person-0172,person-0042,team,True
person-0172,person-0057,team,True
person-0172,person-0017,team,True
person-0172,person-0027,team,True
person-0172,person-0007,team,True
person-0172,person-0002,team,True
person-0172,person-0376,team,True
person-0172,person-0396,team,True
person-0182,person-0212,team,True
person-0182,person-0227,team,True
person-0182,person-0077,team,True
person-0182,person-0092,team,True
person-0182,person-0137,team,True
person-0182,person-0042,team,True
person-0182,person-0057,team,True
person-0182,person-0017,team,True
person-0182,person-0027,team,True
person-0182,person-0007,team,True
person-0182,person-0002,team,True
person-0182,person-0376,team,True
person-0182,person-0396,team,True
person-0212,person-0227,team,True
person-0212,person-0077,team,True
person-0212,person-0092,team,True
person-0212,person-0137,team,True
person-0212,person-0042,team,True
person-0212,person-0057,team,True
person-0212,person-0017,team,True
person-0212,person-0027,team,True
person-0212,person-0007,team,True
person-0212,person-0002,team,True
person-0212,person-0376,team,True
person-0212,person-0396,team,True
person-0227,person-0077,team,True
person-0227,person-0092,team,True
person-0227,person-0137,team,True
person-0227,person-0042,team,True
person-0227,person-0057,team,True
person-0227,person-0017,team,True
person-0227,person-0027,team,True
person-0227,person-0007,team,True
person-0227,person-0002,team,True
person-0227,person-0376,team,True
person-0227,person-0396,team,True
person-0077,person-0092,team,True
person-0077,person-0137,team,True
person-0077,person-0042,team,True
person-0077,person-0057,team,True
person-0077,person-0017,team,True
person-0077,person-0027,team,True
person-0077,person-0007,team,True
person-0077,person-0002,team,True
person-0077,person-0376,team,True
person-0077,person-0396,team,True
person-0092,person-0137,team,True
person-0092,person-0042,team,True
person-0092,person-0057,team,True
person-0092,person-0017,team,True
person-0092,person-0027,team,True
person-0092,person-0007,team,True
person-0092,person-0002,team,True
person-0092,person-0376,team,True
person-0092,person-0396,team,True
person-0137,person-0042,team,True
person-0137,person-0057,team,True
person-0137,person-0017,team,True
person-0137,person-0027,team,True
person-0137,person-0007,team,True
person-0137,person-0002,team,True
person-0137,person-0376,team,True
person-0137,person-0396,team,True
person-0042,person-0057,team,True
person-0042,person-0017,team,True
person-0042,person-0027,team,True
person-0042,person-0007,team,True
person-0042,person-0002,team,True
person-0042,person-0376,team,True
person-0042,person-0396,team,True
person-0057,person-0017,team,True
person-0057,person-0027,team,True
person-0057,person-0007,team,True
person-0057,person-0002,team,True
person-0057,person-0376,team,True
person-0057,person-0396,team,True
person-0017,person-0027,team,True
person-0017,person-0007,team,True
person-0017,person-0002,team,True
person-0017,person-0376,team,True
person-0017,person-0396,team,True
person-0027,person-0007,team,True
person-0027,person-0002,team,True
person-0027,person-0376,team,True
person-0027,person-0396,team,True
person-0007,person-0002,team,True
person-0007,person-0376,team,True
person-0007,person-0396,team,True
person-0002,person-0376,team,True
person-0002,person-0396,team,True
person-0376,person-0396,team,True
person-0268,person-0278,team,True
person-0268,person-0298,team,True
person-0268,person-0303,team,True
person-0268,person-0308,team,True
person-0268,person-0323,team,True
person-0268,person-0338,team,True
person-0268,person-0348,team,True
person-0268,person-0208,team,True
person-0268,person-0213,team,True
person-0268,person-0223,team,True
person-0268,person-0078,team,True
person-0268,person-0098,team,True
person-0268,person-0143,team,True
person-0268,person-0058,team,True
person-0268,person-0377,team,True
person-0268,person-0397,team,True
person-0278,person-0298,team,True
person-0278,person-0303,team,True
person-0278,person-0308,team,True
person-0278,person-0323,team,True
person-0278,person-0338,team,True
person-0278,person-0348,team,True
person-0278,person-0208,team,True
person-0278,person-0213,team,True
person-0278,person-0223,team,True
person-0278,person-0078,team,True
person-0278,person-0098,team,True
person-0278,person-0143,team,True
person-0278,person-0058,team,True
person-0278,person-0377,team,True
person-0278,person-0397,team,True
person-0298,person-0303,team,True
person-0298,person-0308,team,True
person-0298,person-0323,team,True
person-0298,person-0338,team,True
person-0298,person-0348,team,True
person-0298,person-0208,team,True
person-0298,person-0213,team,True
person-0298,person-0223,team,True
person-0298,person-0078,team,True
person-0298,person-0098,team,True
person-0298,person-0143,team,True
person-0298,person-0058,team,True
person-0298,person-0377,team,True
person-0298,person-0397,team,True
person-0303,person-0308,team,True
person-0303,person-0323,team,True
person-0303,person-0338,team,True
person-0303,person-0348,team,True
person-0303,person-0208,team,True
person-0303,person-0213,team,True
person-0303,person-0223,team,True
person-0303,person-0078,team,True
person-0303,person-0098,team,True
person-0303,person-0143,team,True
person-0303,person-0058,team,True
person-0303,person-0377,team,True
person-0303,person-0397,team,True
person-0308,person-0323,team,True
person-0308,person-0338,team,True
person-0308,person-0348,team,True
person-0308,person-0208,team,True
person-0308,person-0213,team,True
person-0308,person-0223,team,True
person-0308,person-0078,team,True
person-0308,person-0098,team,True
person-0308,person-0143,team,True
person-0308,person-0058,team,True
person-0308,person-0377,team,True
person-0308,person-0397,team,True
person-0323,person-0338,team,True
person-0323,person-0348,team,True
person-0323,person-0208,team,True
person-0323,person-0213,team,True
person-0323,person-0223,team,True
person-0323,person-0078,team,True
person-0323,person-0098,team,True
person-0323,person-0143,team,True
person-0323,person-0058,team,True
person-0323,person-0377,team,True
person-0323,person-0397,team,True
person-0338,person-0348,team,True
person-0338,person-0208,team,True
person-0338,person-0213,team,True
person-0338,person-0223,team,True
person-0338,person-0078,team,True
person-0338,person-0098,team,True
person-0338,person-0143,team,True
person-0338,person-0058,team,True
person-0338,person-0377,team,True
person-0338,person-0397,team,True
person-0348,person-0208,team,True
person-0348,person-0213,team,True
person-0348,person-0223,team,True
person-0348,person-0078,team,True
person-0348,person-0098,team,True
person-0348,person-0143,team,True
person-0348,person-0058,team,True
person-0348,person-0377,team,True
person-0348,person-0397,team,True
person-0208,person-0213,team,True
person-0208,person-0223,team,True
person-0208,person-0078,team,True
person-0208,person-0098,team,True
person-0208,person-0143,team,True
person-0208,person-0058,team,True
person-0208,person-0377,team,True
person-0208,person-0397,team,True
person-0213,person-0223,team,True
person-0213,person-0078,team,True
person-0213,person-0098,team,True
person-0213,person-0143,team,True
person-0213,person-0058,team,True
person-0213,person-0377,team,True
person-0213,person-0397,team,True
person-0223,person-0078,team,True
person-0223,person-0098,team,True
person-0223,person-0143,team,True
person-0223,person-0058,team,True
person-0223,person-0377,team,True
person-0223,person-0397,team,True
person-0078,person-0098,team,True
person-0078,person-0143,team,True
person-0078,person-0058,team,True
person-0078,person-0377,team,True
person-0078,person-0397,team,True
person-0098,person-0143,team,True
person-0098,person-0058,team,True
person-0098,person-0377,team,True
person-0098,person-0397,team,True
person-0143,person-0058,team,True
person-0143,person-0377,team,True
person-0143,person-0397,team,True
person-0058,person-0377,team,True
person-0058,person-0397,team,True
person-0377,person-0397,team,True
person-0269,person-0274,team,True
person-0269,person-0284,team,True
person-0269,person-0304,team,True
person-0269,person-0314,team,True
person-0269,person-0334,team,True
person-0269,person-0344,team,True
person-0269,person-0364,team,True
person-0269,person-0169,team,True
person-0269,person-0174,team,True
person-0269,person-0189,team,True
person-0269,person-0194,team,True
person-0269,person-0199,team,True
person-0269,person-0214,team,True
person-0269,person-0234,team,True
person-0269,person-0259,team,True
person-0269,person-0089,team,True
person-0269,person-0129,team,True
person-0269,person-0134,team,True
person-0269,person-0149,team,True
person-0269,person-0039,team,True
person-0269,person-0044,team,True
person-0269,person-0049,team,True
person-0269,person-0064,team,True
person-0269,person-0034,team,True
person-0269,person-0014,team,True
person-0269,person-0373,team,True
person-0269,person-0378,team,True
person-0269,person-0388,team,True
person-0274,person-0284,team,True
person-0274,person-0304,team,True
person-0274,person-0314,team,True
person-0274,person-0334,team,True
person-0274,person-0344,team,True
person-0274,person-0364,team,True
person-0274,person-0169,team,True
person-0274,person-0174,team,True
person-0274,person-0189,team,True
person-0274,person-0194,team,True
person-0274,person-0199,team,True
person-0274,person-0214,team,True
person-0274,person-0234,team,True
person-0274,person-0259,team,True
person-0274,person-0089,team,True
person-0274,person-0129,team,True
person-0274,person-0134,team,True
person-0274,person-0149,team,True
person-0274,person-0039,team,True
person-0274,person-0044,team,True
person-0274,person-0049,team,True
person-0274,person-0064,team,True
person-0274,person-0034,team,True
person-0274,person-0014,team,True
person-0274,person-0373,team,True
person-0274,person-0378,team,True
person-0274,person-0388,team,True
person-0284,person-0304,team,True
person-0284,person-0314,team,True
person-0284,person-0334,team,True
person-0284,person-0344,team,True
person-0284,person-0364,team,True
person-0284,person-0169,team,True
person-0284,person-0174,team,True
person-0284,person-0189,team,True
person-0284,person-0194,team,True
person-0284,person-0199,team,True
person-0284,person-0214,team,True
person-0284,person-0234,team,True
person-0284,person-0259,team,True
person-0284,person-0089,team,True
person-0284,person-0129,team,True
person-0284,person-0134,team,True
person-0284,person-0149,team,True
person-0284,person-0039,team,True
person-0284,person-0044,team,True
person-0284,person-0049,team,True
person-0284,person-0064,team,True
person-0284,person-0034,team,True
person-0284,person-0014,team,True
person-0284,person-0373,team,True
person-0284,person-0378,team,True
person-0284,person-0388,team,True
person-0304,person-0314,team,True
person-0304,person-0334,team,True
person-0304,person-0344,team,True
person-0304,person-0364,team,True
person-0304,person-0169,team,True
person-0304,person-0174,team,True
person-0304,person-0189,team,True
person-0304,person-0194,team,True
person-0304,person-0199,team,True
person-0304,person-0214,team,True
person-0304,person-0234,team,True
person-0304,person-0259,team,True
person-0304,person-0089,team,True
person-0304,person-0129,team,True
person-0304,person-0134,team,True
person-0304,person-0149,team,True
person-0304,person-0039,team,True
person-0304,person-0044,team,True
person-0304,person-0049,team,True
person-0304,person-0064,team,True
person-0304,person-0034,team,True
person-0304,person-0014,team,True
person-0304,person-0373,team,True
person-0304,person-0378,team,True
person-0304,person-0388,team,True
person-0314,person-0334,team,True
person-0314,person-0344,team,True
person-0314,person-0364,team,True
person-0314,person-0169,team,True
person-0314,person-0174,team,True
person-0314,person-0189,team,True
person-0314,person-0194,team,True
person-0314,person-0199,team,True
person-0314,person-0214,team,True
person-0314,person-0234,team,True
person-0314,person-0259,team,True
person-0314,person-0089,team,True
person-0314,person-0129,team,True
person-0314,person-0134,team,True
person-0314,person-0149,team,True
person-0314,person-0039,team,True
person-0314,person-0044,team,True
person-0314,person-0049,team,True
person-0314,person-0064,team,True
person-0314,person-0034,team,True
person-0314,person-0014,team,True
person-0314,person-0373,team,True
person-0314,person-0378,team,True
person-0314,person-0388,team,True
person-0334,person-0344,team,True
person-0334,person-0364,team,True
person-0334,person-0169,team,True
person-0334,person-0174,team,True
person-0334,person-0189,team,True
person-0334,person-0194,team,True
person-0334,person-0199,team,True
person-0334,person-0214,team,True
person-0334,person-0234,team,True
person-0334,person-0259,team,True
person-0334,person-0089,team,True
person-0334,person-0129,team,True
person-0334,person-0134,team,True
person-0334,person-0149,team,True
person-0334,person-0039,team,True
person-0334,person-0044,team,True
person-0334,person-0049,team,True
person-0334,person-0064,team,True
person-0334,person-0034,team,True
person-0334,person-0014,team,True
person-0334,person-0373,team,True
person-0334,person-0378,team,True
person-0334,person-0388,team,True
person-0344,person-0364,team,True
person-0344,person-0169,team,True
person-0344,person-0174,team,True
person-0344,person-0189,team,True
person-0344,person-0194,team,True
person-0344,person-0199,team,True
person-0344,person-0214,team,True
person-0344,person-0234,team,True
person-0344,person-0259,team,True
person-0344,person-0089,team,True
person-0344,person-0129,team,True
person-0344,person-0134,team,True
person-0344,person-0149,team,True
person-0344,person-0039,team,True
person-0344,person-0044,team,True
person-0344,person-0049,team,True
person-0344,person-0064,team,True
person-0344,person-0034,team,True
person-0344,person-0014,team,True
person-0344,person-0373,team,True
person-0344,person-0378,team,True
person-0344,person-0388,team,True
person-0364,person-0169,team,True
person-0364,person-0174,team,True
person-0364,person-0189,team,True
person-0364,person-0194,team,True
person-0364,person-0199,team,True
person-0364,person-0214,team,True
person-0364,person-0234,team,True
person-0364,person-0259,team,True
person-0364,person-0089,team,True
person-0364,person-0129,team,True
person-0364,person-0134,team,True
person-0364,person-0149,team,True
person-0364,person-0039,team,True
person-0364,person-0044,team,True
person-0364,person-0049,team,True
person-0364,person-0064,team,True
person-0364,person-0034,team,True
person-0364,person-0014,team,True
person-0364,person-0373,team,True
person-0364,person-0378,team,True
person-0364,person-0388,team,True
person-0169,person-0174,team,True
person-0169,person-0189,team,True
person-0169,person-0194,team,True
person-0169,person-0199,team,True
person-0169,person-0214,team,True
person-0169,person-0234,team,True
person-0169,person-0259,team,True
person-0169,person-0089,team,True
person-0169,person-0129,team,True
person-0169,person-0134,team,True
person-0169,person-0149,team,True
person-0169,person-0039,team,True
person-0169,person-0044,team,True
person-0169,person-0049,team,True
person-0169,person-0064,team,True
person-0169,person-0034,team,True
person-0169,person-0014,team,True
person-0169,person-0373,team,True
person-0169,person-0378,team,True
person-0169,person-0388,team,True
person-0174,person-0189,team,True
person-0174,person-0194,team,True
person-0174,person-0199,team,True
person-0174,person-0214,team,True
person-0174,person-0234,team,True
person-0174,person-0259,team,True
person-0174,person-0089,team,True
person-0174,person-0129,team,True
person-0174,person-0134,team,True
person-0174,person-0149,team,True
person-0174,person-0039,team,True
person-0174,person-0044,team,True
person-0174,person-0049,team,True
person-0174,person-0064,team,True
person-0174,person-0034,team,True
person-0174,person-0014,team,True
person-0174,person-0373,team,True
person-0174,person-0378,team,True
person-0174,person-0388,team,True
person-0189,person-0194,team,True
person-0189,person-0199,team,True
person-0189,person-0214,team,True
person-0189,person-0234,team,True
person-0189,person-0259,team,True
person-0189,person-0089,team,True
person-0189,person-0129,team,True
person-0189,person-0134,team,True
person-0189,person-0149,team,True
person-0189,person-0039,team,True
person-0189,person-0044,team,True
person-0189,person-0049,team,True
person-0189,person-0064,team,True
person-0189,person-0034,team,True
person-0189,person-0014,team,True
person-0189,person-0373,team,True
person-0189,person-0378,team,True
person-0189,person-0388,team,True
person-0194,person-0199,team,True
person-0194,person-0214,team,True
person-0194,person-0234,team,True
person-0194,person-0259,team,True
person-0194,person-0089,team,True
person-0194,person-0129,team,True
person-0194,person-0134,team,True
person-0194,person-0149,team,True
person-0194,person-0039,team,True
person-0194,person-0044,team,True
person-0194,person-0049,team,True
person-0194,person-0064,team,True
person-0194,person-0034,team,True
person-0194,person-0014,team,True
person-0194,person-0373,team,True
person-0194,person-0378,team,True
person-0194,person-0388,team,True
person-0199,person-0214,team,True
person-0199,person-0234,team,True
person-0199,person-0259,team,True
person-0199,person-0089,team,True
person-0199,person-0129,team,True
person-0199,person-0134,team,True
person-0199,person-0149,team,True
person-0199,person-0039,team,True
person-0199,person-0044,team,True
person-0199,person-0049,team,True
person-0199,person-0064,team,True
person-0199,person-0034,team,True
person-0199,person-0014,team,True
person-0199,person-0373,team,True
person-0199,person-0378,team,True
person-0199,person-0388,team,True
person-0214,person-0234,team,True
person-0214,person-0259,team,True
person-0214,person-0089,team,True
person-0214,person-0129,team,True
person-0214,person-0134,team,True
person-0214,person-0149,team,True
person-0214,person-0039,team,True
person-0214,person-0044,team,True
person-0214,person-0049,team,True
person-0214,person-0064,team,True
person-0214,person-0034,team,True
person-0214,person-0014,team,True
person-0214,person-0373,team,True
person-0214,person-0378,team,True
person-0214,person-0388,team,True
person-0234,person-0259,team,True
person-0234,person-0089,team,True
person-0234,person-0129,team,True
person-0234,person-0134,team,True
person-0234,person-0149,team,True
person-0234,person-0039,team,True
person-0234,person-0044,team,True
person-0234,person-0049,team,True
person-0234,person-0064,team,True
person-0234,person-0034,team,True
person-0234,person-0014,team,True
person-0234,person-0373,team,True
person-0234,person-0378,team,True
person-0234,person-0388,team,True
person-0259,person-0089,team,True
person-0259,person-0129,team,True
person-0259,person-0134,team,True
person-0259,person-0149,team,True
person-0259,person-0039,team,True
person-0259,person-0044,team,True
person-0259,person-0049,team,True
person-0259,person-0064,team,True
person-0259,person-0034,team,True
person-0259,person-0014,team,True
person-0259,person-0373,team,True
person-0259,person-0378,team,True
person-0259,person-0388,team,True
person-0089,person-0129,team,True
person-0089,person-0134,team,True
person-0089,person-0149,team,True
person-0089,person-0039,team,True
person-0089,person-0044,team,True
person-0089,person-0049,team,True
person-0089,person-0064,team,True
person-0089,person-0034,team,True
person-0089,person-0014,team,True
person-0089,person-0373,team,True
person-0089,person-0378,team,True
person-0089,person-0388,team,True
person-0129,person-0134,team,True
person-0129,person-0149,team,True
person-0129,person-0039,team,True
person-0129,person-0044,team,True
person-0129,person-0049,team,True
person-0129,person-0064,team,True
person-0129,person-0034,team,True
person-0129,person-0014,team,True
person-0129,person-0373,team,True
person-0129,person-0378,team,True
person-0129,person-0388,team,True
person-0134,person-0149,team,True
person-0134,person-0039,team,True
person-0134,person-0044,team,True
person-0134,person-0049,team,True
person-0134,person-0064,team,True
person-0134,person-0034,team,True
person-0134,person-0014,team,True
person-0134,person-0373,team,True
person-0134,person-0378,team,True
person-0134,person-0388,team,True
person-0149,person-0039,team,True
person-0149,person-0044,team,True
person-0149,person-0049,team,True
person-0149,person-0064,team,True
person-0149,person-0034,team,True
person-0149,person-0014,team,True
person-0149,person-0373,team,True
person-0149,person-0378,team,True
person-0149,person-0388,team,True
person-0039,person-0044,team,True
person-0039,person-0049,team,True
person-0039,person-0064,team,True
person-0039,person-0034,team,True
person-0039,person-0014,team,True
person-0039,person-0373,team,True
person-0039,person-0378,team,True
person-0039,person-0388,team,True
person-0044,person-0049,team,True
person-0044,person-0064,team,True
person-0044,person-0034,team,True
person-0044,person-0014,team,True
person-0044,person-0373,team,True
person-0044,person-0378,team,True
person-0044,person-0388,team,True
person-0049,person-0064,team,True
person-0049,person-0034,team,True
person-0049,person-0014,team,True
person-0049,person-0373,team,True
person-0049,person-0378,team,True
person-0049,person-0388,team,True
person-0064,person-0034,team,True
person-0064,person-0014,team,True
person-0064,person-0373,team,True
person-0064,person-0378,team,True
person-0064,person-0388,team,True
person-0034,person-0014,team,True
person-0034,person-0373,team,True
person-0034,person-0378,team,True
person-0034,person-0388,team,True
person-0014,person-0373,team,True
person-0014,person-0378,team,True
person-0014,person-0388,team,True
person-0373,person-0378,team,True
person-0373,person-0388,team,True
person-0378,person-0388,team,True
person-0270,person-0280,team,True
person-0270,person-0295,team,True
person-0270,person-0300,team,True
person-0270,person-0320,team,True
person-0270,person-0330,team,True
person-0270,person-0340,team,True
person-0270,person-0345,team,True
person-0270,person-0355,team,True
person-0270,person-0160,team,True
person-0270,person-0195,team,True
person-0270,person-0200,team,True
person-0270,person-0235,team,True
person-0270,person-0240,team,True
person-0270,person-0255,team,True
person-0270,person-0260,team,True
person-0270,person-0100,team,True
person-0270,person-0105,team,True
person-0270,person-0120,team,True
person-0270,person-0130,team,True
person-0270,person-0135,team,True
person-0270,person-0010,team,True
person-0270,person-0015,team,True
person-0280,person-0295,team,True
person-0280,person-0300,team,True
person-0280,person-0320,team,True
person-0280,person-0330,team,True
person-0280,person-0340,team,True
person-0280,person-0345,team,True
person-0280,person-0355,team,True
person-0280,person-0160,team,True
person-0280,person-0195,team,True
person-0280,person-0200,team,True
person-0280,person-0235,team,True
person-0280,person-0240,team,True
person-0280,person-0255,team,True
person-0280,person-0260,team,True
person-0280,person-0100,team,True
person-0280,person-0105,team,True
person-0280,person-0120,team,True
person-0280,person-0130,team,True
person-0280,person-0135,team,True
person-0280,person-0010,team,True
person-0280,person-0015,team,True
person-0295,person-0300,team,True
person-0295,person-0320,team,True
person-0295,person-0330,team,True
person-0295,person-0340,team,True
person-0295,person-0345,team,True
person-0295,person-0355,team,True
person-0295,person-0160,team,True
person-0295,person-0195,team,True
person-0295,person-0200,team,True
person-0295,person-0235,team,True
person-0295,person-0240,team,True
person-0295,person-0255,team,True
person-0295,person-0260,team,True
person-0295,person-0100,team,True
person-0295,person-0105,team,True
person-0295,person-0120,team,True
person-0295,person-0130,team,True
person-0295,person-0135,team,True
person-0295,person-0010,team,True
person-0295,person-0015,team,True
person-0300,person-0320,team,True
person-0300,person-0330,team,True
person-0300,person-0340,team,True
person-0300,person-0345,team,True
person-0300,person-0355,team,True
person-0300,person-0160,team,True
person-0300,person-0195,team,True
person-0300,person-0200,team,True
person-0300,person-0235,team,True
person-0300,person-0240,team,True
person-0300,person-0255,team,True
person-0300,person-0260,team,True
person-0300,person-0100,team,True
person-0300,person-0105,team,True
person-0300,person-0120,team,True
person-0300,person-0130,team,True
person-0300,person-0135,team,True
person-0300,person-0010,team,True
person-0300,person-0015,team,True
person-0320,person-0330,team,True
person-0320,person-0340,team,True
person-0320,person-0345,team,True
person-0320,person-0355,team,True
person-0320,person-0160,team,True
person-0320,person-0195,team,True
person-0320,person-0200,team,True
person-0320,person-0235,team,True
person-0320,person-0240,team,True
person-0320,person-0255,team,True
person-0320,person-0260,team,True
person-0320,person-0100,team,True
person-0320,person-0105,team,True
person-0320,person-0120,team,True
person-0320,person-0130,team,True
person-0320,person-0135,team,True
person-0320,person-0010,team,True
person-0320,person-0015,team,True
person-0330,person-0340,team,True
person-0330,person-0345,team,True
person-0330,person-0355,team,True
person-0330,person-0160,team,True
person-0330,person-0195,team,True
person-0330,person-0200,team,True
person-0330,person-0235,team,True
person-0330,person-0240,team,True
person-0330,person-0255,team,True
person-0330,person-0260,team,True
person-0330,person-0100,team,True
person-0330,person-0105,team,True
person-0330,person-0120,team,True
person-0330,person-0130,team,True
person-0330,person-0135,team,True
person-0330,person-0010,team,True
person-0330,person-0015,team,True
person-0340,person-0345,team,True
person-0340,person-0355,team,True
person-0340,person-0160,team,True
person-0340,person-0195,team,True
person-0340,person-0200,team,True
person-0340,person-0235,team,True
person-0340,person-0240,team,True
person-0340,person-0255,team,True
person-0340,person-0260,team,True
person-0340,person-0100,team,True
person-0340,person-0105,team,True
person-0340,person-0120,team,True
person-0340,person-0130,team,True
person-0340,person-0135,team,True
person-0340,person-0010,team,True
person-0340,person-0015,team,True
person-0345,person-0355,team,True
person-0345,person-0160,team,True
person-0345,person-0195,team,True
person-0345,person-0200,team,True
person-0345,person-0235,team,True
person-0345,person-0240,team,True
person-0345,person-0255,team,True
person-0345,person-0260,team,True
person-0345,person-0100,team,True
person-0345,person-0105,team,True
person-0345,person-0120,team,True
person-0345,person-0130,team,True
person-0345,person-0135,team,True
person-0345,person-0010,team,True
person-0345,person-0015,team,True
person-0355,person-0160,team,True
person-0355,person-0195,team,True
person-0355,person-0200,team,True
person-0355,person-0235,team,True
person-0355,person-0240,team,True
person-0355,person-0255,team,True
person-0355,person-0260,team,True
person-0355,person-0100,team,True
person-0355,person-0105,team,True
person-0355,person-0120,team,True
person-0355,person-0130,team,True
person-0355,person-0135,team,True
person-0355,person-0010,team,True
person-0355,person-0015,team,True
person-0160,person-0195,team,True
person-0160,person-0200,team,True
person-0160,person-0235,team,True
person-0160,person-0240,team,True
person-0160,person-0255,team,True
person-0160,person-0260,team,True
person-0160,person-0100,team,True
person-0160,person-0105,team,True
person-0160,person-0120,team,True
person-0160,person-0130,team,True
person-0160,person-0135,team,True
person-0160,person-0010,team,True
person-0160,person-0015,team,True
person-0195,person-0200,team,True
person-0195,person-0235,team,True
person-0195,person-0240,team,True
person-0195,person-0255,team,True
person-0195,person-0260,team,True
person-0195,person-0100,team,True
person-0195,person-0105,team,True
person-0195,person-0120,team,True
person-0195,person-0130,team,True
person-0195,person-0135,team,True
person-0195,person-0010,team,True
person-0195,person-0015,team,True
person-0200,person-0235,team,True
person-0200,person-0240,team,True
person-0200,person-0255,team,True
person-0200,person-0260,team,True
person-0200,person-0100,team,True
person-0200,person-0105,team,True
person-0200,person-0120,team,True
person-0200,person-0130,team,True
person-0200,person-0135,team,True
person-0200,person-0010,team,True
person-0200,person-0015,team,True
person-0235,person-0240,team,True
person-0235,person-0255,team,True
person-0235,person-0260,team,True
person-0235,person-0100,team,True
person-0235,person-0105,team,True
person-0235,person-0120,team,True
person-0235,person-0130,team,True
person-0235,person-0135,team,True
person-0235,person-0010,team,True
person-0235,person-0015,team,True
person-0240,person-0255,team,True
person-0240,person-0260,team,True
person-0240,person-0100,team,True
person-0240,person-0105,team,True
person-0240,person-0120,team,True
person-0240,person-0130,team,True
person-0240,person-0135,team,True
person-0240,person-0010,team,True
person-0240,person-0015,team,True
person-0255,person-0260,team,True
person-0255,person-0100,team,True
person-0255,person-0105,team,True
person-0255,person-0120,team,True
person-0255,person-0130,team,True
person-0255,person-0135,team,True
person-0255,person-0010,team,True
person-0255,person-0015,team,True
person-0260,person-0100,team,True
person-0260,person-0105,team,True
person-0260,person-0120,team,True
person-0260,person-0130,team,True
person-0260,person-0135,team,True
person-0260,person-0010,team,True
person-0260,person-0015,team,True
person-0100,person-0105,team,True
person-0100,person-0120,team,True
person-0100,person-0130,team,True
person-0100,person-0135,team,True
person-0100,person-0010,team,True
person-0100,person-0015,team,True
person-0105,person-0120,team,True
person-0105,person-0130,team,True
person-0105,person-0135,team,True
person-0105,person-0010,team,True
person-0105,person-0015,team,True
person-0120,person-0130,team,True
person-0120,person-0135,team,True
person-0120,person-0010,team,True
person-0120,person-0015,team,True
person-0130,person-0135,team,True
person-0130,person-0010,team,True
person-0130,person-0015,team,True
person-0135,person-0010,team,True
person-0135,person-0015,team,True
person-0010,person-0015,team,True
person-0271,person-0296,team,True
person-0271,person-0156,team,True
person-0271,person-0161,team,True
person-0271,person-0176,team,True
person-0271,person-0196,team,True
person-0271,person-0201,team,True
person-0271,person-0206,team,True
person-0271,person-0251,team,True
person-0271,person-0101,team,True
person-0271,person-0121,team,True
person-0271,person-0136,team,True
person-0271,person-0041,team,True
person-0271,person-0046,team,True
person-0271,person-0385,team,True
person-0296,person-0156,team,True
person-0296,person-0161,team,True
person-0296,person-0176,team,True
person-0296,person-0196,team,True
person-0296,person-0201,team,True
person-0296,person-0206,team,True
person-0296,person-0251,team,True
person-0296,person-0101,team,True
person-0296,person-0121,team,True
person-0296,person-0136,team,True
person-0296,person-0041,team,True
person-0296,person-0046,team,True
person-0296,person-0385,team,True
person-0156,person-0161,team,True
person-0156,person-0176,team,True
person-0156,person-0196,team,True
person-0156,person-0201,team,True
person-0156,person-0206,team,True
person-0156,person-0251,team,True
person-0156,person-0101,team,True
person-0156,person-0121,team,True
person-0156,person-0136,team,True
person-0156,person-0041,team,True
person-0156,person-0046,team,True
person-0156,person-0385,team,True
person-0161,person-0176,team,True
person-0161,person-0196,team,True
person-0161,person-0201,team,True
person-0161,person-0206,team,True
person-0161,person-0251,team,True
person-0161,person-0101,team,True
person-0161,person-0121,team,True
person-0161,person-0136,team,True
person-0161,person-0041,team,True
person-0161,person-0046,team,True
person-0161,person-0385,team,True
person-0176,person-0196,team,True
person-0176,person-0201,team,True
person-0176,person-0206,team,True
person-0176,person-0251,team,True
person-0176,person-0101,team,True
person-0176,person-0121,team,True
person-0176,person-0136,team,True
person-0176,person-0041,team,True
person-0176,person-0046,team,True
person-0176,person-0385,team,True
person-0196,person-0201,team,True
person-0196,person-0206,team,True
person-0196,person-0251,team,True
person-0196,person-0101,team,True
person-0196,person-0121,team,True
person-0196,person-0136,team,True
person-0196,person-0041,team,True
person-0196,person-0046,team,True
person-0196,person-0385,team,True
person-0201,person-0206,team,True
person-0201,person-0251,team,True
person-0201,person-0101,team,True
person-0201,person-0121,team,True
person-0201,person-0136,team,True
person-0201,person-0041,team,True
person-0201,person-0046,team,True
person-0201,person-0385,team,True
person-0206,person-0251,team,True
person-0206,person-0101,team,True
person-0206,person-0121,team,True
person-0206,person-0136,team,True
person-0206,person-0041,team,True
person-0206,person-0046,team,True
person-0206,person-0385,team,True
person-0251,person-0101,team,True
person-0251,person-0121,team,True
person-0251,person-0136,team,True
person-0251,person-0041,team,True
person-0251,person-0046,team,True
person-0251,person-0385,team,True
person-0101,person-0121,team,True
person-0101,person-0136,team,True
person-0101,person-0041,team,True
person-0101,person-0046,team,True
person-0101,person-0385,team,True
person-0121,person-0136,team,True
person-0121,person-0041,team,True
person-0121,person-0046,team,True
person-0121,person-0385,team,True
person-0136,person-0041,team,True
person-0136,person-0046,team,True
person-0136,person-0385,team,True
person-0041,person-0046,team,True
person-0041,person-0385,team,True
person-0046,person-0385,team,True
person-0272,person-0292,team,True
person-0272,person-0297,team,True
person-0272,person-0307,team,True
person-0272,person-0337,team,True
person-0272,person-0362,team,True
person-0272,person-0192,team,True
person-0272,person-0197,team,True
person-0272,person-0202,team,True
person-0272,person-0207,team,True
person-0272,person-0222,team,True
person-0272,person-0242,team,True
person-0272,person-0262,team,True
person-0272,person-0102,team,True
person-0272,person-0107,team,True
person-0272,person-0152,team,True
person-0272,person-0047,team,True
person-0272,person-0052,team,True
person-0272,person-0062,team,True
person-0272,person-0022,team,True
person-0272,person-0012,team,True
person-0272,person-0381,team,True
person-0292,person-0297,team,True
person-0292,person-0307,team,True
person-0292,person-0337,team,True
person-0292,person-0362,team,True
person-0292,person-0192,team,True
person-0292,person-0197,team,True
person-0292,person-0202,team,True
person-0292,person-0207,team,True
person-0292,person-0222,team,True
person-0292,person-0242,team,True
person-0292,person-0262,team,True
person-0292,person-0102,team,True
person-0292,person-0107,team,True
person-0292,person-0152,team,True
person-0292,person-0047,team,True
person-0292,person-0052,team,True
person-0292,person-0062,team,True
person-0292,person-0022,team,True
person-0292,person-0012,team,True
person-0292,person-0381,team,True
person-0297,person-0307,team,True
person-0297,person-0337,team,True
person-0297,person-0362,team,True
person-0297,person-0192,team,True
person-0297,person-0197,team,True
person-0297,person-0202,team,True
person-0297,person-0207,team,True
person-0297,person-0222,team,True
person-0297,person-0242,team,True
person-0297,person-0262,team,True
person-0297,person-0102,team,True
person-0297,person-0107,team,True
person-0297,person-0152,team,True
person-0297,person-0047,team,True
person-0297,person-0052,team,True
person-0297,person-0062,team,True
person-0297,person-0022,team,True
person-0297,person-0012,team,True
person-0297,person-0381,team,True
person-0307,person-0337,team,True
person-0307,person-0362,team,True
person-0307,person-0192,team,True
person-0307,person-0197,team,True
person-0307,person-0202,team,True
person-0307,person-0207,team,True
person-0307,person-0222,team,True
person-0307,person-0242,team,True
person-0307,person-0262,team,True
person-0307,person-0102,team,True
person-0307,person-0107,team,True
person-0307,person-0152,team,True
person-0307,person-0047,team,True
person-0307,person-0052,team,True
person-0307,person-0062,team,True
person-0307,person-0022,team,True
person-0307,person-0012,team,True
person-0307,person-0381,team,True
person-0337,person-0362,team,True
person-0337,person-0192,team,True
person-0337,person-0197,team,True
person-0337,person-0202,team,True
person-0337,person-0207,team,True
person-0337,person-0222,team,True
person-0337,person-0242,team,True
person-0337,person-0262,team,True
person-0337,person-0102,team,True
person-0337,person-0107,team,True
person-0337,person-0152,team,True
person-0337,person-0047,team,True
person-0337,person-0052,team,True
person-0337,person-0062,team,True
person-0337,person-0022,team,True
person-0337,person-0012,team,True
person-0337,person-0381,team,True
person-0362,person-0192,team,True
person-0362,person-0197,team,True
person-0362,person-0202,team,True
person-0362,person-0207,team,True
person-0362,person-0222,team,True
person-0362,person-0242,team,True
person-0362,person-0262,team,True
person-0362,person-0102,team,True
person-0362,person-0107,team,True
person-0362,person-0152,team,True
person-0362,person-0047,team,True
person-0362,person-0052,team,True
person-0362,person-0062,team,True
person-0362,person-0022,team,True
person-0362,person-0012,team,True
person-0362,person-0381,team,True
person-0192,person-0197,team,True
person-0192,person-0202,team,True
person-0192,person-0207,team,True
person-0192,person-0222,team,True
person-0192,person-0242,team,True
person-0192,person-0262,team,True
person-0192,person-0102,team,True
person-0192,person-0107,team,True
person-0192,person-0152,team,True
person-0192,person-0047,team,True
person-0192,person-0052,team,True
person-0192,person-0062,team,True
person-0192,person-0022,team,True
person-0192,person-0012,team,True
person-0192,person-0381,team,True
person-0197,person-0202,team,True
person-0197,person-0207,team,True
person-0197,person-0222,team,True
person-0197,person-0242,team,True
person-0197,person-0262,team,True
person-0197,person-0102,team,True
person-0197,person-0107,team,True
person-0197,person-0152,team,True
person-0197,person-0047,team,True
person-0197,person-0052,team,True
person-0197,person-0062,team,True
person-0197,person-0022,team,True
person-0197,person-0012,team,True
person-0197,person-0381,team,True
person-0202,person-0207,team,True
person-0202,person-0222,team,True
person-0202,person-0242,team,True
person-0202,person-0262,team,True
person-0202,person-0102,team,True
person-0202,person-0107,team,True
person-0202,person-0152,team,True
person-0202,person-0047,team,True
person-0202,person-0052,team,True
person-0202,person-0062,team,True
person-0202,person-0022,team,True
person-0202,person-0012,team,True
person-0202,person-0381,team,True
person-0207,person-0222,team,True
person-0207,person-0242,team,True
person-0207,person-0262,team,True
person-0207,person-0102,team,True
person-0207,person-0107,team,True
person-0207,person-0152,team,True
person-0207,person-0047,team,True
person-0207,person-0052,team,True
person-0207,person-0062,team,True
person-0207,person-0022,team,True
person-0207,person-0012,team,True
person-0207,person-0381,team,True
person-0222,person-0242,team,True
person-0222,person-0262,team,True
person-0222,person-0102,team,True
person-0222,person-0107,team,True
person-0222,person-0152,team,True
person-0222,person-0047,team,True
person-0222,person-0052,team,True
person-0222,person-0062,team,True
person-0222,person-0022,team,True
person-0222,person-0012,team,True
person-0222,person-0381,team,True
person-0242,person-0262,team,True
person-0242,person-0102,team,True
person-0242,person-0107,team,True
person-0242,person-0152,team,True
person-0242,person-0047,team,True
person-0242,person-0052,team,True
person-0242,person-0062,team,True
person-0242,person-0022,team,True
person-0242,person-0012,team,True
person-0242,person-0381,team,True
person-0262,person-0102,team,True
person-0262,person-0107,team,True
person-0262,person-0152,team,True
person-0262,person-0047,team,True
person-0262,person-0052,team,True
person-0262,person-0062,team,True
person-0262,person-0022,team,True
person-0262,person-0012,team,True
person-0262,person-0381,team,True
person-0102,person-0107,team,True
person-0102,person-0152,team,True
person-0102,person-0047,team,True
person-0102,person-0052,team,True
person-0102,person-0062,team,True
person-0102,person-0022,team,True
person-0102,person-0012,team,True
person-0102,person-0381,team,True
person-0107,person-0152,team,True
person-0107,person-0047,team,True
person-0107,person-0052,team,True
person-0107,person-0062,team,True
person-0107,person-0022,team,True
person-0107,person-0012,team,True
person-0107,person-0381,team,True
person-0152,person-0047,team,True
person-0152,person-0052,team,True
person-0152,person-0062,team,True
person-0152,person-0022,team,True
person-0152,person-0012,team,True
person-0152,person-0381,team,True
person-0047,person-0052,team,True
person-0047,person-0062,team,True
person-0047,person-0022,team,True
person-0047,person-0012,team,True
person-0047,person-0381,team,True
person-0052,person-0062,team,True
person-0052,person-0022,team,True
person-0052,person-0012,team,True
person-0052,person-0381,team,True
person-0062,person-0022,team,True
person-0062,person-0012,team,True
person-0062,person-0381,team,True
person-0022,person-0012,team,True
person-0022,person-0381,team,True
person-0012,person-0381,team,True
person-0273,person-0283,team,True
person-0273,person-0313,team,True
person-0273,person-0318,team,True
person-0273,person-0353,team,True
person-0273,person-0363,team,True
person-0273,person-0368,team,True
person-0273,person-0163,team,True
person-0273,person-0168,team,True
person-0273,person-0183,team,True
person-0273,person-0193,team,True
person-0273,person-0203,team,True
person-0273,person-0228,team,True
person-0273,person-0233,team,True
person-0273,person-0253,team,True
person-0273,person-0093,team,True
person-0273,person-0103,team,True
person-0273,person-0108,team,True
person-0273,person-0113,team,True
person-0273,person-0123,team,True
person-0273,person-0128,team,True
person-0273,person-0038,team,True
person-0273,person-0053,team,True
person-0273,person-0033,team,True
person-0273,person-0013,team,True
person-0273,person-0387,team,True
person-0273,person-0392,team,True
person-0283,person-0313,team,True
person-0283,person-0318,team,True
person-0283,person-0353,team,True
person-0283,person-0363,team,True
person-0283,person-0368,team,True
person-0283,person-0163,team,True
person-0283,person-0168,team,True
person-0283,person-0183,team,True
person-0283,person-0193,team,True
person-0283,person-0203,team,True
person-0283,person-0228,team,True
person-0283,person-0233,team,True
person-0283,person-0253,team,True
person-0283,person-0093,team,True
person-0283,person-0103,team,True
person-0283,person-0108,team,True
person-0283,person-0113,team,True
person-0283,person-0123,team,True
person-0283,person-0128,team,True
person-0283,person-0038,team,True
person-0283,person-0053,team,True
person-0283,person-0033,team,True
person-0283,person-0013,team,True
person-0283,person-0387,team,True
person-0283,person-0392,team,True
person-0313,person-0318,team,True
person-0313,person-0353,team,True
person-0313,person-0363,team,True
person-0313,person-0368,team,True
person-0313,person-0163,team,True
person-0313,person-0168,team,True
person-0313,person-0183,team,True
person-0313,person-0193,team,True
person-0313,person-0203,team,True
person-0313,person-0228,team,True
person-0313,person-0233,team,True
person-0313,person-0253,team,True
person-0313,person-0093,team,True
person-0313,person-0103,team,True
person-0313,person-0108,team,True
person-0313,person-0113,team,True
person-0313,person-0123,team,True
person-0313,person-0128,team,True
person-0313,person-0038,team,True
person-0313,person-0053,team,True
person-0313,person-0033,team,True
person-0313,person-0013,team,True
person-0313,person-0387,team,True
person-0313,person-0392,team,True
person-0318,person-0353,team,True
person-0318,person-0363,team,True
person-0318,person-0368,team,True
person-0318,person-0163,team,True
person-0318,person-0168,team,True
person-0318,person-0183,team,True
person-0318,person-0193,team,True
person-0318,person-0203,team,True
person-0318,person-0228,team,True
person-0318,person-0233,team,True
person-0318,person-0253,team,True
person-0318,person-0093,team,True
person-0318,person-0103,team,True
person-0318,person-0108,team,True
person-0318,person-0113,team,True
person-0318,person-0123,team,True
person-0318,person-0128,team,True
person-0318,person-0038,team,True
person-0318,person-0053,team,True
person-0318,person-0033,team,True
person-0318,person-0013,team,True
person-0318,person-0387,team,True
person-0318,person-0392,team,True
person-0353,person-0363,team,True
person-0353,person-0368,team,True
person-0353,person-0163,team,True
person-0353,person-0168,team,True
person-0353,person-0183,team,True
person-0353,person-0193,team,True
person-0353,person-0203,team,True
person-0353,person-0228,team,True
person-0353,person-0233,team,True
person-0353,person-0253,team,True
person-0353,person-0093,team,True
person-0353,person-0103,team,True
person-0353,person-0108,team,True
person-0353,person-0113,team,True
person-0353,person-0123,team,True
person-0353,person-0128,team,True
person-0353,person-0038,team,True
person-0353,person-0053,team,True
person-0353,person-0033,team,True
person-0353,person-0013,team,True
person-0353,person-0387,team,True
person-0353,person-0392,team,True
person-0363,person-0368,team,True
person-0363,person-0163,team,True
person-0363,person-0168,team,True
person-0363,person-0183,team,True
person-0363,person-0193,team,True
person-0363,person-0203,team,True
person-0363,person-0228,team,True
person-0363,person-0233,team,True
person-0363,person-0253,team,True
person-0363,person-0093,team,True
person-0363,person-0103,team,True
person-0363,person-0108,team,True
person-0363,person-0113,team,True
person-0363,person-0123,team,True
person-0363,person-0128,team,True
person-0363,person-0038,team,True
person-0363,person-0053,team,True
person-0363,person-0033,team,True
person-0363,person-0013,team,True
person-0363,person-0387,team,True
person-0363,person-0392,team,True
person-0368,person-0163,team,True
person-0368,person-0168,team,True
person-0368,person-0183,team,True
person-0368,person-0193,team,True
person-0368,person-0203,team,True
person-0368,person-0228,team,True
person-0368,person-0233,team,True
person-0368,person-0253,team,True
person-0368,person-0093,team,True
person-0368,person-0103,team,True
person-0368,person-0108,team,True
person-0368,person-0113,team,True
person-0368,person-0123,team,True
person-0368,person-0128,team,True
person-0368,person-0038,team,True
person-0368,person-0053,team,True
person-0368,person-0033,team,True
person-0368,person-0013,team,True
person-0368,person-0387,team,True
person-0368,person-0392,team,True
person-0163,person-0168,team,True
person-0163,person-0183,team,True
person-0163,person-0193,team,True
person-0163,person-0203,team,True
person-0163,person-0228,team,True
person-0163,person-0233,team,True
person-0163,person-0253,team,True
person-0163,person-0093,team,True
person-0163,person-0103,team,True
person-0163,person-0108,team,True
person-0163,person-0113,team,True
person-0163,person-0123,team,True
person-0163,person-0128,team,True
person-0163,person-0038,team,True
person-0163,person-0053,team,True
person-0163,person-0033,team,True
person-0163,person-0013,team,True
person-0163,person-0387,team,True
person-0163,person-0392,team,True
person-0168,person-0183,team,True
person-0168,person-0193,team,True
person-0168,person-0203,team,True
person-0168,person-0228,team,True
person-0168,person-0233,team,True
person-0168,person-0253,team,True
person-0168,person-0093,team,True
person-0168,person-0103,team,True
person-0168,person-0108,team,True
person-0168,person-0113,team,True
person-0168,person-0123,team,True
person-0168,person-0128,team,True
person-0168,person-0038,team,True
person-0168,person-0053,team,True
person-0168,person-0033,team,True
person-0168,person-0013,team,True
person-0168,person-0387,team,True
person-0168,person-0392,team,True
person-0183,person-0193,team,True
person-0183,person-0203,team,True
person-0183,person-0228,team,True
person-0183,person-0233,team,True
person-0183,person-0253,team,True
person-0183,person-0093,team,True
person-0183,person-0103,team,True
person-0183,person-0108,team,True
person-0183,person-0113,team,True
person-0183,person-0123,team,True
person-0183,person-0128,team,True
person-0183,person-0038,team,True
person-0183,person-0053,team,True
person-0183,person-0033,team,True
person-0183,person-0013,team,True
person-0183,person-0387,team,True
person-0183,person-0392,team,True
person-0193,person-0203,team,True
person-0193,person-0228,team,True
person-0193,person-0233,team,True
person-0193,person-0253,team,True
person-0193,person-0093,team,True
person-0193,person-0103,team,True
person-0193,person-0108,team,True
person-0193,person-0113,team,True
person-0193,person-0123,team,True
person-0193,person-0128,team,True
person-0193,person-0038,team,True
person-0193,person-0053,team,True
person-0193,person-0033,team,True
person-0193,person-0013,team,True
person-0193,person-0387,team,True
person-0193,person-0392,team,True
person-0203,person-0228,team,True
person-0203,person-0233,team,True
person-0203,person-0253,team,True
person-0203,person-0093,team,True
person-0203,person-0103,team,True
person-0203,person-0108,team,True
person-0203,person-0113,team,True
person-0203,person-0123,team,True
person-0203,person-0128,team,True
person-0203,person-0038,team,True
person-0203,person-0053,team,True
person-0203,person-0033,team,True
person-0203,person-0013,team,True
person-0203,person-0387,team,True
person-0203,person-0392,team,True
person-0228,person-0233,team,True
person-0228,person-0253,team,True
person-0228,person-0093,team,True
person-0228,person-0103,team,True
person-0228,person-0108,team,True
person-0228,person-0113,team,True
person-0228,person-0123,team,True
person-0228,person-0128,team,True
person-0228,person-0038,team,True
person-0228,person-0053,team,True
person-0228,person-0033,team,True
person-0228,person-0013,team,True
person-0228,person-0387,team,True
person-0228,person-0392,team,True
person-0233,person-0253,team,True
person-0233,person-0093,team,True
person-0233,person-0103,team,True
person-0233,person-0108,team,True
person-0233,person-0113,team,True
person-0233,person-0123,team,True
person-0233,person-0128,team,True
person-0233,person-0038,team,True
person-0233,person-0053,team,True
person-0233,person-0033,team,True
person-0233,person-0013,team,True
person-0233,person-0387,team,True
person-0233,person-0392,team,True
person-0253,person-0093,team,True
person-0253,person-0103,team,True
person-0253,person-0108,team,True
person-0253,person-0113,team,True
person-0253,person-0123,team,True
person-0253,person-0128,team,True
person-0253,person-0038,team,True
person-0253,person-0053,team,True
person-0253,person-0033,team,True
person-0253,person-0013,team,True
person-0253,person-0387,team,True
person-0253,person-0392,team,True
person-0093,person-0103,team,True
person-0093,person-0108,team,True
person-0093,person-0113,team,True
person-0093,person-0123,team,True
person-0093,person-0128,team,True
person-0093,person-0038,team,True
person-0093,person-0053,team,True
person-0093,person-0033,team,True
person-0093,person-0013,team,True
person-0093,person-0387,team,True
person-0093,person-0392,team,True
person-0103,person-0108,team,True
person-0103,person-0113,team,True
person-0103,person-0123,team,True
person-0103,person-0128,team,True
person-0103,person-0038,team,True
person-0103,person-0053,team,True
person-0103,person-0033,team,True
person-0103,person-0013,team,True
person-0103,person-0387,team,True
person-0103,person-0392,team,True
person-0108,person-0113,team,True
person-0108,person-0123,team,True
person-0108,person-0128,team,True
person-0108,person-0038,team,True
person-0108,person-0053,team,True
person-0108,person-0033,team,True
person-0108,person-0013,team,True
person-0108,person-0387,team,True
person-0108,person-0392,team,True
person-0113,person-0123,team,True
person-0113,person-0128,team,True
person-0113,person-0038,team,True
person-0113,person-0053,team,True
person-0113,person-0033,team,True
person-0113,person-0013,team,True
person-0113,person-0387,team,True
person-0113,person-0392,team,True
person-0123,person-0128,team,True
person-0123,person-0038,team,True
person-0123,person-0053,team,True
person-0123,person-0033,team,True
person-0123,person-0013,team,True
person-0123,person-0387,team,True
person-0123,person-0392,team,True
person-0128,person-0038,team,True
person-0128,person-0053,team,True
person-0128,person-0033,team,True
person-0128,person-0013,team,True
person-0128,person-0387,team,True
person-0128,person-0392,team,True
person-0038,person-0053,team,True
person-0038,person-0033,team,True
person-0038,person-0013,team,True
person-0038,person-0387,team,True
person-0038,person-0392,team,True
person-0053,person-0033,team,True
person-0053,person-0013,team,True
person-0053,person-0387,team,True
person-0053,person-0392,team,True
person-0033,person-0013,team,True
person-0033,person-0387,team,True
person-0033,person-0392,team,True
person-0013,person-0387,team,True
person-0013,person-0392,team,True
person-0387,person-0392,team,True
person-0275,person-0310,team,True
person-0275,person-0325,team,True
person-0275,person-0335,team,True
person-0275,person-0185,team,True
person-0275,person-0190,team,True
person-0275,person-0210,team,True
person-0275,person-0225,team,True
person-0275,person-0245,team,True
person-0275,person-0265,team,True
person-0275,person-0090,team,True
person-0275,person-0125,team,True
person-0275,person-0150,team,True
person-0275,person-0055,team,True
person-0275,person-0075,team,True
person-0275,person-0025,team,True
person-0275,person-0035,team,True
person-0275,person-0374,team,True
person-0275,person-0394,team,True
person-0310,person-0325,team,True
person-0310,person-0335,team,True
person-0310,person-0185,team,True
person-0310,person-0190,team,True
person-0310,person-0210,team,True
person-0310,person-0225,team,True
person-0310,person-0245,team,True
person-0310,person-0265,team,True
person-0310,person-0090,team,True
person-0310,person-0125,team,True
person-0310,person-0150,team,True
person-0310,person-0055,team,True
person-0310,person-0075,team,True
person-0310,person-0025,team,True
person-0310,person-0035,team,True
person-0310,person-0374,team,True
person-0310,person-0394,team,True
person-0325,person-0335,team,True
person-0325,person-0185,team,True
person-0325,person-0190,team,True
person-0325,person-0210,team,True
person-0325,person-0225,team,True
person-0325,person-0245,team,True
person-0325,person-0265,team,True
person-0325,person-0090,team,True
person-0325,person-0125,team,True
person-0325,person-0150,team,True
person-0325,person-0055,team,True
person-0325,person-0075,team,True
person-0325,person-0025,team,True
person-0325,person-0035,team,True
person-0325,person-0374,team,True
person-0325,person-0394,team,True
person-0335,person-0185,team,True
person-0335,person-0190,team,True
person-0335,person-0210,team,True
person-0335,person-0225,team,True
person-0335,person-0245,team,True
person-0335,person-0265,team,True
person-0335,person-0090,team,True
person-0335,person-0125,team,True
person-0335,person-0150,team,True
person-0335,person-0055,team,True
person-0335,person-0075,team,True
person-0335,person-0025,team,True
person-0335,person-0035,team,True
person-0335,person-0374,team,True
person-0335,person-0394,team,True
person-0185,person-0190,team,True
person-0185,person-0210,team,True
person-0185,person-0225,team,True
person-0185,person-0245,team,True
person-0185,person-0265,team,True
person-0185,person-0090,team,True
person-0185,person-0125,team,True
person-0185,person-0150,team,True
person-0185,person-0055,team,True
person-0185,person-0075,team,True
person-0185,person-0025,team,True
person-0185,person-0035,team,True
person-0185,person-0374,team,True
person-0185,person-0394,team,True
person-0190,person-0210,team,True
person-0190,person-0225,team,True
person-0190,person-0245,team,True
person-0190,person-0265,team,True
person-0190,person-0090,team,True
person-0190,person-0125,team,True
person-0190,person-0150,team,True
person-0190,person-0055,team,True
person-0190,person-0075,team,True
person-0190,person-0025,team,True
person-0190,person-0035,team,True
person-0190,person-0374,team,True
person-0190,person-0394,team,True
person-0210,person-0225,team,True
person-0210,person-0245,team,True
person-0210,person-0265,team,True
person-0210,person-0090,team,True
person-0210,person-0125,team,True
person-0210,person-0150,team,True
person-0210,person-0055,team,True
person-0210,person-0075,team,True
person-0210,person-0025,team,True
person-0210,person-0035,team,True
person-0210,person-0374,team,True
person-0210,person-0394,team,True
person-0225,person-0245,team,True
person-0225,person-0265,team,True
person-0225,person-0090,team,True
person-0225,person-0125,team,True
person-0225,person-0150,team,True
person-0225,person-0055,team,True
person-0225,person-0075,team,True
person-0225,person-0025,team,True
person-0225,person-0035,team,True
person-0225,person-0374,team,True
person-0225,person-0394,team,True
person-0245,person-0265,team,True
person-0245,person-0090,team,True
person-0245,person-0125,team,True
person-0245,person-0150,team,True
person-0245,person-0055,team,True
person-0245,person-0075,team,True
person-0245,person-0025,team,True
person-0245,person-0035,team,True
person-0245,person-0374,team,True
person-0245,person-0394,team,True
person-0265,person-0090,team,True
person-0265,person-0125,team,True
person-0265,person-0150,team,True
person-0265,person-0055,team,True
person-0265,person-0075,team,True
person-0265,person-0025,team,True
person-0265,person-0035,team,True
person-0265,person-0374,team,True
person-0265,person-0394,team,True
person-0090,person-0125,team,True
person-0090,person-0150,team,True
person-0090,person-0055,team,True
person-0090,person-0075,team,True
person-0090,person-0025,team,True
person-0090,person-0035,team,True
person-0090,person-0374,team,True
person-0090,person-0394,team,True
person-0125,person-0150,team,True
person-0125,person-0055,team,True
person-0125,person-0075,team,True
person-0125,person-0025,team,True
person-0125,person-0035,team,True
person-0125,person-0374,team,True
person-0125,person-0394,team,True
person-0150,person-0055,team,True
person-0150,person-0075,team,True
person-0150,person-0025,team,True
person-0150,person-0035,team,True
person-0150,person-0374,team,True
person-0150,person-0394,team,True
person-0055,person-0075,team,True
person-0055,person-0025,team,True
person-0055,person-0035,team,True
person-0055,person-0374,team,True
person-0055,person-0394,team,True
person-0075,person-0025,team,True
person-0075,person-0035,team,True
person-0075,person-0374,team,True
person-0075,person-0394,team,True
person-0025,person-0035,team,True
person-0025,person-0374,team,True
person-0025,person-0394,team,True
person-0035,person-0374,team,True
person-0035,person-0394,team,True
person-0374,person-0394,team,True
person-0276,person-0281,team,True
person-0276,person-0326,team,True
person-0276,person-0351,team,True
person-0276,person-0186,team,True
person-0276,person-0231,team,True
person-0276,person-0236,team,True
person-0276,person-0241,team,True
person-0276,person-0246,team,True
person-0276,person-0081,team,True
person-0276,person-0106,team,True
person-0276,person-0126,team,True
person-0276,person-0131,team,True
person-0276,person-0066,team,True
person-0276,person-0071,team,True
person-0276,person-0006,team,True
person-0276,person-0001,team,True
person-0276,person-0370,team,True
person-0276,person-0395,team,True
person-0281,person-0326,team,True
person-0281,person-0351,team,True
person-0281,person-0186,team,True
person-0281,person-0231,team,True
person-0281,person-0236,team,True
person-0281,person-0241,team,True
person-0281,person-0246,team,True
person-0281,person-0081,team,True
person-0281,person-0106,team,True
person-0281,person-0126,team,True
person-0281,person-0131,team,True
person-0281,person-0066,team,True
person-0281,person-0071,team,True
person-0281,person-0006,team,True
person-0281,person-0001,team,True
person-0281,person-0370,team,True
person-0281,person-0395,team,True
person-0326,person-0351,team,True
person-0326,person-0186,team,True
person-0326,person-0231,team,True
person-0326,person-0236,team,True
person-0326,person-0241,team,True
person-0326,person-0246,team,True
person-0326,person-0081,team,True
person-0326,person-0106,team,True
person-0326,person-0126,team,True
person-0326,person-0131,team,True
person-0326,person-0066,team,True
person-0326,person-0071,team,True
person-0326,person-0006,team,True
person-0326,person-0001,team,True
person-0326,person-0370,team,True
person-0326,person-0395,team,True
person-0351,person-0186,team,True
person-0351,person-0231,team,True
person-0351,person-0236,team,True
person-0351,person-0241,team,True
person-0351,person-0246,team,True
person-0351,person-0081,team,True
person-0351,person-0106,team,True
person-0351,person-0126,team,True
person-0351,person-0131,team,True
person-0351,person-0066,team,True
person-0351,person-0071,team,True
person-0351,person-0006,team,True
person-0351,person-0001,team,True
person-0351,person-0370,team,True
person-0351,person-0395,team,True
person-0186,person-0231,team,True
person-0186,person-0236,team,True
person-0186,person-0241,team,True
person-0186,person-0246,team,True
person-0186,person-0081,team,True
person-0186,person-0106,team,True
person-0186,person-0126,team,True
person-0186,person-0131,team,True
person-0186,person-0066,team,True
person-0186,person-0071,team,True
person-0186,person-0006,team,True
person-0186,person-0001,team,True
person-0186,person-0370,team,True
person-0186,person-0395,team,True
person-0231,person-0236,team,True
person-0231,person-0241,team,True
person-0231,person-0246,team,True
person-0231,person-0081,team,True
person-0231,person-0106,team,True
person-0231,person-0126,team,True
person-0231,person-0131,team,True
person-0231,person-0066,team,True
person-0231,person-0071,team,True
person-0231,person-0006,team,True
person-0231,person-0001,team,True
person-0231,person-0370,team,True
person-0231,person-0395,team,True
person-0236,person-0241,team,True
person-0236,person-0246,team,True
person-0236,person-0081,team,True
person-0236,person-0106,team,True
person-0236,person-0126,team,True
person-0236,person-0131,team,True
person-0236,person-0066,team,True
person-0236,person-0071,team,True
person-0236,person-0006,team,True
person-0236,person-0001,team,True
person-0236,person-0370,team,True
person-0236,person-0395,team,True
person-0241,person-0246,team,True
person-0241,person-0081,team,True
person-0241,person-0106,team,True
person-0241,person-0126,team,True
person-0241,person-0131,team,True
person-0241,person-0066,team,True
person-0241,person-0071,team,True
person-0241,person-0006,team,True
person-0241,person-0001,team,True
person-0241,person-0370,team,True
person-0241,person-0395,team,True
person-0246,person-0081,team,True
person-0246,person-0106,team,True
person-0246,person-0126,team,True
person-0246,person-0131,team,True
person-0246,person-0066,team,True
person-0246,person-0071,team,True
person-0246,person-0006,team,True
person-0246,person-0001,team,True
person-0246,person-0370,team,True
person-0246,person-0395,team,True
person-0081,person-0106,team,True
person-0081,person-0126,team,True
person-0081,person-0131,team,True
person-0081,person-0066,team,True
person-0081,person-0071,team,True
person-0081,person-0006,team,True
person-0081,person-0001,team,True
person-0081,person-0370,team,True
person-0081,person-0395,team,True
person-0106,person-0126,team,True
person-0106,person-0131,team,True
person-0106,person-0066,team,True
person-0106,person-0071,team,True
person-0106,person-0006,team,True
person-0106,person-0001,team,True
person-0106,person-0370,team,True
person-0106,person-0395,team,True
person-0126,person-0131,team,True
person-0126,person-0066,team,True
person-0126,person-0071,team,True
person-0126,person-0006,team,True
person-0126,person-0001,team,True
person-0126,person-0370,team,True
person-0126,person-0395,team,True
person-0131,person-0066,team,True
person-0131,person-0071,team,True
person-0131,person-0006,team,True
person-0131,person-0001,team,True
person-0131,person-0370,team,True
person-0131,person-0395,team,True
person-0066,person-0071,team,True
person-0066,person-0006,team,True
person-0066,person-0001,team,True
person-0066,person-0370,team,True
person-0066,person-0395,team,True
person-0071,person-0006,team,True
person-0071,person-0001,team,True
person-0071,person-0370,team,True
person-0071,person-0395,team,True
person-0006,person-0001,team,True
person-0006,person-0370,team,True
person-0006,person-0395,team,True
person-0001,person-0370,team,True
person-0001,person-0395,team,True
person-0370,person-0395,team,True
person-0277,person-0287,team,True
person-0277,person-0312,team,True
person-0277,person-0352,team,True
person-0277,person-0177,team,True
person-0277,person-0187,team,True
person-0277,person-0232,team,True
person-0277,person-0247,team,True
person-0277,person-0087,team,True
person-0277,person-0097,team,True
person-0277,person-0112,team,True
person-0277,person-0117,team,True
person-0277,person-0122,team,True
person-0277,person-0127,team,True
person-0277,person-0132,team,True
person-0277,person-0147,team,True
person-0277,person-0037,team,True
person-0277,person-0032,team,True
person-0287,person-0312,team,True
person-0287,person-0352,team,True
person-0287,person-0177,team,True
person-0287,person-0187,team,True
person-0287,person-0232,team,True
person-0287,person-0247,team,True
person-0287,person-0087,team,True
person-0287,person-0097,team,True
person-0287,person-0112,team,True
person-0287,person-0117,team,True
person-0287,person-0122,team,True
person-0287,person-0127,team,True
person-0287,person-0132,team,True
person-0287,person-0147,team,True
person-0287,person-0037,team,True
person-0287,person-0032,team,True
person-0312,person-0352,team,True
person-0312,person-0177,team,True
person-0312,person-0187,team,True
person-0312,person-0232,team,True
person-0312,person-0247,team,True
person-0312,person-0087,team,True
person-0312,person-0097,team,True
person-0312,person-0112,team,True
person-0312,person-0117,team,True
person-0312,person-0122,team,True
person-0312,person-0127,team,True
person-0312,person-0132,team,True
person-0312,person-0147,team,True
person-0312,person-0037,team,True
person-0312,person-0032,team,True
person-0352,person-0177,team,True
person-0352,person-0187,team,True
person-0352,person-0232,team,True
person-0352,person-0247,team,True
person-0352,person-0087,team,True
person-0352,person-0097,team,True
person-0352,person-0112,team,True
person-0352,person-0117,team,True
person-0352,person-0122,team,True
person-0352,person-0127,team,True
person-0352,person-0132,team,True
person-0352,person-0147,team,True
person-0352,person-0037,team,True
person-0352,person-0032,team,True
person-0177,person-0187,team,True
person-0177,person-0232,team,True
person-0177,person-0247,team,True
person-0177,person-0087,team,True
person-0177,person-0097,team,True
person-0177,person-0112,team,True
person-0177,person-0117,team,True
person-0177,person-0122,team,True
person-0177,person-0127,team,True
person-0177,person-0132,team,True
person-0177,person-0147,team,True
person-0177,person-0037,team,True
person-0177,person-0032,team,True
person-0187,person-0232,team,True
person-0187,person-0247,team,True
person-0187,person-0087,team,True
person-0187,person-0097,team,True
person-0187,person-0112,team,True
person-0187,person-0117,team,True
person-0187,person-0122,team,True
person-0187,person-0127,team,True
person-0187,person-0132,team,True
person-0187,person-0147,team,True
person-0187,person-0037,team,True
person-0187,person-0032,team,True
person-0232,person-0247,team,True
person-0232,person-0087,team,True
person-0232,person-0097,team,True
person-0232,person-0112,team,True
person-0232,person-0117,team,True
person-0232,person-0122,team,True
person-0232,person-0127,team,True
person-0232,person-0132,team,True
person-0232,person-0147,team,True
person-0232,person-0037,team,True
person-0232,person-0032,team,True
person-0247,person-0087,team,True
person-0247,person-0097,team,True
person-0247,person-0112,team,True
person-0247,person-0117,team,True
person-0247,person-0122,team,True
person-0247,person-0127,team,True
person-0247,person-0132,team,True
person-0247,person-0147,team,True
person-0247,person-0037,team,True
person-0247,person-0032,team,True
person-0087,person-0097,team,True
person-0087,person-0112,team,True
person-0087,person-0117,team,True
person-0087,person-0122,team,True
person-0087,person-0127,team,True
person-0087,person-0132,team,True
person-0087,person-0147,team,True
person-0087,person-0037,team,True
person-0087,person-0032,team,True
person-0097,person-0112,team,True
person-0097,person-0117,team,True
person-0097,person-0122,team,True
person-0097,person-0127,team,True
person-0097,person-0132,team,True
person-0097,person-0147,team,True
person-0097,person-0037,team,True
person-0097,person-0032,team,True
person-0112,person-0117,team,True
person-0112,person-0122,team,True
person-0112,person-0127,team,True
person-0112,person-0132,team,True
person-0112,person-0147,team,True
person-0112,person-0037,team,True
person-0112,person-0032,team,True
person-0117,person-0122,team,True
person-0117,person-0127,team,True
person-0117,person-0132,team,True
person-0117,person-0147,team,True
person-0117,person-0037,team,True
person-0117,person-0032,team,True
person-0122,person-0127,team,True
person-0122,person-0132,team,True
person-0122,person-0147,team,True
person-0122,person-0037,team,True
person-0122,person-0032,team,True
person-0127,person-0132,team,True
person-0127,person-0147,team,True
person-0127,person-0037,team,True
person-0127,person-0032,team,True
person-0132,person-0147,team,True
person-0132,person-0037,team,True
person-0132,person-0032,team,True
person-0147,person-0037,team,True
person-0147,person-0032,team,True
person-0037,person-0032,team,True
person-0279,person-0309,team,True
person-0279,person-0319,team,True
person-0279,person-0369,team,True
person-0279,person-0159,team,True
person-0279,person-0164,team,True
person-0279,person-0204,team,True
person-0279,person-0209,team,True
person-0279,person-0219,team,True
person-0279,person-0229,team,True
person-0279,person-0244,team,True
person-0279,person-0094,team,True
person-0279,person-0104,team,True
person-0279,person-0114,team,True
person-0279,person-0139,team,True
person-0279,person-0154,team,True
person-0279,person-0054,team,True
person-0279,person-0059,team,True
person-0279,person-0019,team,True
person-0279,person-0383,team,True
person-0279,person-0393,team,True
person-0309,person-0319,team,True
person-0309,person-0369,team,True
person-0309,person-0159,team,True
person-0309,person-0164,team,True
person-0309,person-0204,team,True
person-0309,person-0209,team,True
person-0309,person-0219,team,True
person-0309,person-0229,team,True
person-0309,person-0244,team,True
person-0309,person-0094,team,True
person-0309,person-0104,team,True
person-0309,person-0114,team,True
person-0309,person-0139,team,True
person-0309,person-0154,team,True
person-0309,person-0054,team,True
person-0309,person-0059,team,True
person-0309,person-0019,team,True
person-0309,person-0383,team,True
person-0309,person-0393,team,True
person-0319,person-0369,team,True
person-0319,person-0159,team,True
person-0319,person-0164,team,True
person-0319,person-0204,team,True
person-0319,person-0209,team,True
person-0319,person-0219,team,True
person-0319,person-0229,team,True
person-0319,person-0244,team,True
person-0319,person-0094,team,True
person-0319,person-0104,team,True
person-0319,person-0114,team,True
person-0319,person-0139,team,True
person-0319,person-0154,team,True
person-0319,person-0054,team,True
person-0319,person-0059,team,True
person-0319,person-0019,team,True
person-0319,person-0383,team,True
person-0319,person-0393,team,True
person-0369,person-0159,team,True
person-0369,person-0164,team,True
person-0369,person-0204,team,True
person-0369,person-0209,team,True
person-0369,person-0219,team,True
person-0369,person-0229,team,True
person-0369,person-0244,team,True
person-0369,person-0094,team,True
person-0369,person-0104,team,True
person-0369,person-0114,team,True
person-0369,person-0139,team,True
person-0369,person-0154,team,True
person-0369,person-0054,team,True
person-0369,person-0059,team,True
person-0369,person-0019,team,True
person-0369,person-0383,team,True
person-0369,person-0393,team,True
person-0159,person-0164,team,True
person-0159,person-0204,team,True
person-0159,person-0209,team,True
person-0159,person-0219,team,True
person-0159,person-0229,team,True
person-0159,person-0244,team,True
person-0159,person-0094,team,True
person-0159,person-0104,team,True
person-0159,person-0114,team,True
person-0159,person-0139,team,True
person-0159,person-0154,team,True
person-0159,person-0054,team,True
person-0159,person-0059,team,True
person-0159,person-0019,team,True
person-0159,person-0383,team,True
person-0159,person-0393,team,True
person-0164,person-0204,team,True
person-0164,person-0209,team,True
person-0164,person-0219,team,True
person-0164,person-0229,team,True
person-0164,person-0244,team,True
person-0164,person-0094,team,True
person-0164,person-0104,team,True
person-0164,person-0114,team,True
person-0164,person-0139,team,True
person-0164,person-0154,team,True
person-0164,person-0054,team,True
person-0164,person-0059,team,True
person-0164,person-0019,team,True
person-0164,person-0383,team,True
person-0164,person-0393,team,True
person-0204,person-0209,team,True
person-0204,person-0219,team,True
person-0204,person-0229,team,True
person-0204,person-0244,team,True
person-0204,person-0094,team,True
person-0204,person-0104,team,True
person-0204,person-0114,team,True
person-0204,person-0139,team,True
person-0204,person-0154,team,True
person-0204,person-0054,team,True
person-0204,person-0059,team,True
person-0204,person-0019,team,True
person-0204,person-0383,team,True
person-0204,person-0393,team,True
person-0209,person-0219,team,True
person-0209,person-0229,team,True
person-0209,person-0244,team,True
person-0209,person-0094,team,True
person-0209,person-0104,team,True
person-0209,person-0114,team,True
person-0209,person-0139,team,True
person-0209,person-0154,team,True
person-0209,person-0054,team,True
person-0209,person-0059,team,True
person-0209,person-0019,team,True
person-0209,person-0383,team,True
person-0209,person-0393,team,True
person-0219,person-0229,team,True
person-0219,person-0244,team,True
person-0219,person-0094,team,True
person-0219,person-0104,team,True
person-0219,person-0114,team,True
person-0219,person-0139,team,True
person-0219,person-0154,team,True
person-0219,person-0054,team,True
person-0219,person-0059,team,True
person-0219,person-0019,team,True
person-0219,person-0383,team,True
person-0219,person-0393,team,True
person-0229,person-0244,team,True
person-0229,person-0094,team,True
person-0229,person-0104,team,True
person-0229,person-0114,team,True
person-0229,person-0139,team,True
person-0229,person-0154,team,True
person-0229,person-0054,team,True
person-0229,person-0059,team,True
person-0229,person-0019,team,True
person-0229,person-0383,team,True
person-0229,person-0393,team,True
person-0244,person-0094,team,True
person-0244,person-0104,team,True
person-0244,person-0114,team,True
person-0244,person-0139,team,True
person-0244,person-0154,team,True
person-0244,person-0054,team,True
person-0244,person-0059,team,True
person-0244,person-0019,team,True
person-0244,person-0383,team,True
person-0244,person-0393,team,True
person-0094,person-0104,team,True
person-0094,person-0114,team,True
person-0094,person-0139,team,True
person-0094,person-0154,team,True
person-0094,person-0054,team,True
person-0094,person-0059,team,True
person-0094,person-0019,team,True
person-0094,person-0383,team,True
person-0094,person-0393,team,True
person-0104,person-0114,team,True
person-0104,person-0139,team,True
person-0104,person-0154,team,True
person-0104,person-0054,team,True
person-0104,person-0059,team,True
person-0104,person-0019,team,True
person-0104,person-0383,team,True
person-0104,person-0393,team,True
person-0114,person-0139,team,True
person-0114,person-0154,team,True
person-0114,person-0054,team,True
person-0114,person-0059,team,True
person-0114,person-0019,team,True
person-0114,person-0383,team,True
person-0114,person-0393,team,True
person-0139,person-0154,team,True
person-0139,person-0054,team,True
person-0139,person-0059,team,True
person-0139,person-0019,team,True
person-0139,person-0383,team,True
person-0139,person-0393,team,True
person-0154,person-0054,team,True
person-0154,person-0059,team,True
person-0154,person-0019,team,True
person-0154,person-0383,team,True
person-0154,person-0393,team,True
person-0054,person-0059,team,True
person-0054,person-0019,team,True
person-0054,person-0383,team,True
person-0054,person-0393,team,True
person-0059,person-0019,team,True
person-0059,person-0383,team,True
person-0059,person-0393,team,True
person-0019,person-0383,team,True
person-0019,person-0393,team,True
person-0383,person-0393,team,True
person-0285,person-0290,team,True
person-0285,person-0305,team,True
person-0285,person-0315,team,True
person-0285,person-0365,team,True
person-0285,person-0165,team,True
person-0285,person-0170,team,True
person-0285,person-0175,team,True
person-0285,person-0215,team,True
person-0285,person-0220,team,True
person-0285,person-0250,team,True
person-0285,person-0080,team,True
person-0285,person-0115,team,True
person-0285,person-0140,team,True
person-0285,person-0155,team,True
person-0285,person-0040,team,True
person-0285,person-0065,team,True
person-0285,person-0030,team,True
person-0285,person-0379,team,True
person-0290,person-0305,team,True
person-0290,person-0315,team,True
person-0290,person-0365,team,True
person-0290,person-0165,team,True
person-0290,person-0170,team,True
person-0290,person-0175,team,True
person-0290,person-0215,team,True
person-0290,person-0220,team,True
person-0290,person-0250,team,True
person-0290,person-0080,team,True
person-0290,person-0115,team,True
person-0290,person-0140,team,True
person-0290,person-0155,team,True
person-0290,person-0040,team,True
person-0290,person-0065,team,True
person-0290,person-0030,team,True
person-0290,person-0379,team,True
person-0305,person-0315,team,True
person-0305,person-0365,team,True
person-0305,person-0165,team,True
person-0305,person-0170,team,True
person-0305,person-0175,team,True
person-0305,person-0215,team,True
person-0305,person-0220,team,True
person-0305,person-0250,team,True
person-0305,person-0080,team,True
person-0305,person-0115,team,True
person-0305,person-0140,team,True
person-0305,person-0155,team,True
person-0305,person-0040,team,True
person-0305,person-0065,team,True
person-0305,person-0030,team,True
person-0305,person-0379,team,True
person-0315,person-0365,team,True
person-0315,person-0165,team,True
person-0315,person-0170,team,True
person-0315,person-0175,team,True
person-0315,person-0215,team,True
person-0315,person-0220,team,True
person-0315,person-0250,team,True
person-0315,person-0080,team,True
person-0315,person-0115,team,True
person-0315,person-0140,team,True
person-0315,person-0155,team,True
person-0315,person-0040,team,True
person-0315,person-0065,team,True
person-0315,person-0030,team,True
person-0315,person-0379,team,True
person-0365,person-0165,team,True
person-0365,person-0170,team,True
person-0365,person-0175,team,True
person-0365,person-0215,team,True
person-0365,person-0220,team,True
person-0365,person-0250,team,True
person-0365,person-0080,team,True
person-0365,person-0115,team,True
person-0365,person-0140,team,True
person-0365,person-0155,team,True
person-0365,person-0040,team,True
person-0365,person-0065,team,True
person-0365,person-0030,team,True
person-0365,person-0379,team,True
person-0165,person-0170,team,True
person-0165,person-0175,team,True
person-0165,person-0215,team,True
person-0165,person-0220,team,True
person-0165,person-0250,team,True
person-0165,person-0080,team,True
person-0165,person-0115,team,True
person-0165,person-0140,team,True
person-0165,person-0155,team,True
person-0165,person-0040,team,True
person-0165,person-0065,team,True
person-0165,person-0030,team,True
person-0165,person-0379,team,True
person-0170,person-0175,team,True
person-0170,person-0215,team,True
person-0170,person-0220,team,True
person-0170,person-0250,team,True
person-0170,person-0080,team,True
person-0170,person-0115,team,True
person-0170,person-0140,team,True
person-0170,person-0155,team,True
person-0170,person-0040,team,True
person-0170,person-0065,team,True
person-0170,person-0030,team,True
person-0170,person-0379,team,True
person-0175,person-0215,team,True
person-0175,person-0220,team,True
person-0175,person-0250,team,True
person-0175,person-0080,team,True
person-0175,person-0115,team,True
person-0175,person-0140,team,True
person-0175,person-0155,team,True
person-0175,person-0040,team,True
person-0175,person-0065,team,True
person-0175,person-0030,team,True
person-0175,person-0379,team,True
person-0215,person-0220,team,True
person-0215,person-0250,team,True
person-0215,person-0080,team,True
person-0215,person-0115,team,True
person-0215,person-0140,team,True
person-0215,person-0155,team,True
person-0215,person-0040,team,True
person-0215,person-0065,team,True
person-0215,person-0030,team,True
person-0215,person-0379,team,True
person-0220,person-0250,team,True
person-0220,person-0080,team,True
person-0220,person-0115,team,True
person-0220,person-0140,team,True
person-0220,person-0155,team,True
person-0220,person-0040,team,True
person-0220,person-0065,team,True
person-0220,person-0030,team,True
person-0220,person-0379,team,True
person-0250,person-0080,team,True
person-0250,person-0115,team,True
person-0250,person-0140,team,True
person-0250,person-0155,team,True
person-0250,person-0040,team,True
person-0250,person-0065,team,True
person-0250,person-0030,team,True
person-0250,person-0379,team,True
person-0080,person-0115,team,True
person-0080,person-0140,team,True
person-0080,person-0155,team,True
person-0080,person-0040,team,True
person-0080,person-0065,team,True
person-0080,person-0030,team,True
person-0080,person-0379,team,True
person-0115,person-0140,team,True
person-0115,person-0155,team,True
person-0115,person-0040,team,True
person-0115,person-0065,team,True
person-0115,person-0030,team,True
person-0115,person-0379,team,True
person-0140,person-0155,team,True
person-0140,person-0040,team,True
person-0140,person-0065,team,True
person-0140,person-0030,team,True
person-0140,person-0379,team,True
person-0155,person-0040,team,True
person-0155,person-0065,team,True
person-0155,person-0030,team,True
person-0155,person-0379,team,True
person-0040,person-0065,team,True
person-0040,person-0030,team,True
person-0040,person-0379,team,True
person-0065,person-0030,team,True
person-0065,person-0379,team,True
person-0030,person-0379,team,True
person-0288,person-0293,team,True
person-0288,person-0328,team,True
person-0288,person-0333,team,True
person-0288,person-0343,team,True
person-0288,person-0173,team,True
person-0288,person-0188,team,True
person-0288,person-0198,team,True
person-0288,person-0238,team,True
person-0288,person-0243,team,True
person-0288,person-0248,team,True
person-0288,person-0258,team,True
person-0288,person-0083,team,True
person-0288,person-0133,team,True
person-0288,person-0138,team,True
person-0288,person-0153,team,True
person-0288,person-0048,team,True
person-0288,person-0023,team,True
person-0288,person-0372,team,True
person-0288,person-0382,team,True
person-0293,person-0328,team,True
person-0293,person-0333,team,True
person-0293,person-0343,team,True
person-0293,person-0173,team,True
person-0293,person-0188,team,True
person-0293,person-0198,team,True
person-0293,person-0238,team,True
person-0293,person-0243,team,True
person-0293,person-0248,team,True
person-0293,person-0258,team,True
person-0293,person-0083,team,True
person-0293,person-0133,team,True
person-0293,person-0138,team,True
person-0293,person-0153,team,True
person-0293,person-0048,team,True
person-0293,person-0023,team,True
person-0293,person-0372,team,True
person-0293,person-0382,team,True
person-0328,person-0333,team,True
person-0328,person-0343,team,True
person-0328,person-0173,team,True
person-0328,person-0188,team,True
person-0328,person-0198,team,True
person-0328,person-0238,team,True
person-0328,person-0243,team,True
person-0328,person-0248,team,True
person-0328,person-0258,team,True
person-0328,person-0083,team,True
person-0328,person-0133,team,True
person-0328,person-0138,team,True
person-0328,person-0153,team,True
person-0328,person-0048,team,True
person-0328,person-0023,team,True
person-0328,person-0372,team,True
person-0328,person-0382,team,True
person-0333,person-0343,team,True
person-0333,person-0173,team,True
person-0333,person-0188,team,True
person-0333,person-0198,team,True
person-0333,person-0238,team,True
person-0333,person-0243,team,True
person-0333,person-0248,team,True
person-0333,person-0258,team,True
person-0333,person-0083,team,True
person-0333,person-0133,team,True
person-0333,person-0138,team,True
person-0333,person-0153,team,True
person-0333,person-0048,team,True
person-0333,person-0023,team,True
person-0333,person-0372,team,True
person-0333,person-0382,team,True
person-0343,person-0173,team,True
person-0343,person-0188,team,True
person-0343,person-0198,team,True
person-0343,person-0238,team,True
person-0343,person-0243,team,True
person-0343,person-0248,team,True
person-0343,person-0258,team,True
person-0343,person-0083,team,True
person-0343,person-0133,team,True
person-0343,person-0138,team,True
person-0343,person-0153,team,True
person-0343,person-0048,team,True
person-0343,person-0023,team,True
person-0343,person-0372,team,True
person-0343,person-0382,team,True
person-0173,person-0188,team,True
person-0173,person-0198,team,True
person-0173,person-0238,team,True
person-0173,person-0243,team,True
person-0173,person-0248,team,True
person-0173,person-0258,team,True
person-0173,person-0083,team,True
person-0173,person-0133,team,True
person-0173,person-0138,team,True
person-0173,person-0153,team,True
person-0173,person-0048,team,True
person-0173,person-0023,team,True
person-0173,person-0372,team,True
person-0173,person-0382,team,True
person-0188,person-0198,team,True
person-0188,person-0238,team,True
person-0188,person-0243,team,True
person-0188,person-0248,team,True
person-0188,person-0258,team,True
person-0188,person-0083,team,True
person-0188,person-0133,team,True
person-0188,person-0138,team,True
person-0188,person-0153,team,True
person-0188,person-0048,team,True
person-0188,person-0023,team,True
person-0188,person-0372,team,True
person-0188,person-0382,team,True
person-0198,person-0238,team,True
person-0198,person-0243,team,True
person-0198,person-0248,team,True
person-0198,person-0258,team,True
person-0198,person-0083,team,True
person-0198,person-0133,team,True
person-0198,person-0138,team,True
person-0198,person-0153,team,True
person-0198,person-0048,team,True
person-0198,person-0023,team,True
person-0198,person-0372,team,True
person-0198,person-0382,team,True
person-0238,person-0243,team,True
person-0238,person-0248,team,True
person-0238,person-0258,team,True
person-0238,person-0083,team,True
person-0238,person-0133,team,True
person-0238,person-0138,team,True
person-0238,person-0153,team,True
person-0238,person-0048,team,True
person-0238,person-0023,team,True
person-0238,person-0372,team,True
person-0238,person-0382,team,True
person-0243,person-0248,team,True
person-0243,person-0258,team,True
person-0243,person-0083,team,True
person-0243,person-0133,team,True
person-0243,person-0138,team,True
person-0243,person-0153,team,True
person-0243,person-0048,team,True
person-0243,person-0023,team,True
person-0243,person-0372,team,True
person-0243,person-0382,team,True
person-0248,person-0258,team,True
person-0248,person-0083,team,True
person-0248,person-0133,team,True
person-0248,person-0138,team,True
person-0248,person-0153,team,True
person-0248,person-0048,team,True
person-0248,person-0023,team,True
person-0248,person-0372,team,True
person-0248,person-0382,team,True
person-0258,person-0083,team,True
person-0258,person-0133,team,True
person-0258,person-0138,team,True
person-0258,person-0153,team,True
person-0258,person-0048,team,True
person-0258,person-0023,team,True
person-0258,person-0372,team,True
person-0258,person-0382,team,True
person-0083,person-0133,team,True
person-0083,person-0138,team,True
person-0083,person-0153,team,True
person-0083,person-0048,team,True
person-0083,person-0023,team,True
person-0083,person-0372,team,True
person-0083,person-0382,team,True
person-0133,person-0138,team,True
person-0133,person-0153,team,True
person-0133,person-0048,team,True
person-0133,person-0023,team,True
person-0133,person-0372,team,True
person-0133,person-0382,team,True
person-0138,person-0153,team,True
person-0138,person-0048,team,True
person-0138,person-0023,team,True
person-0138,person-0372,team,True
person-0138,person-0382,team,True
person-0153,person-0048,team,True
person-0153,person-0023,team,True
person-0153,person-0372,team,True
person-0153,person-0382,team,True
person-0048,person-0023,team,True
person-0048,person-0372,team,True
person-0048,person-0382,team,True
person-0023,person-0372,team,True
person-0023,person-0382,team,True
person-0372,person-0382,team,True
person-0289,person-0299,team,True
person-0289,person-0324,team,True
person-0289,person-0349,team,True
person-0289,person-0354,team,True
person-0289,person-0359,team,True
person-0289,person-0179,team,True
person-0289,person-0224,team,True
person-0289,person-0249,team,True
person-0289,person-0264,team,True
person-0289,person-0084,team,True
person-0289,person-0099,team,True
person-0289,person-0144,team,True
person-0289,person-0069,team,True
person-0289,person-0024,team,True
person-0289,person-0029,team,True
person-0299,person-0324,team,True
person-0299,person-0349,team,True
person-0299,person-0354,team,True
person-0299,person-0359,team,True
person-0299,person-0179,team,True
person-0299,person-0224,team,True
person-0299,person-0249,team,True
person-0299,person-0264,team,True
person-0299,person-0084,team,True
person-0299,person-0099,team,True
person-0299,person-0144,team,True
person-0299,person-0069,team,True
person-0299,person-0024,team,True
person-0299,person-0029,team,True
person-0324,person-0349,team,True
person-0324,person-0354,team,True
person-0324,person-0359,team,True
person-0324,person-0179,team,True
person-0324,person-0224,team,True
person-0324,person-0249,team,True
person-0324,person-0264,team,True
person-0324,person-0084,team,True
person-0324,person-0099,team,True
person-0324,person-0144,team,True
person-0324,person-0069,team,True
person-0324,person-0024,team,True
person-0324,person-0029,team,True
person-0349,person-0354,team,True
person-0349,person-0359,team,True
person-0349,person-0179,team,True
person-0349,person-0224,team,True
person-0349,person-0249,team,True
person-0349,person-0264,team,True
person-0349,person-0084,team,True
person-0349,person-0099,team,True
person-0349,person-0144,team,True
person-0349,person-0069,team,True
person-0349,person-0024,team,True
person-0349,person-0029,team,True
person-0354,person-0359,team,True
person-0354,person-0179,team,True
person-0354,person-0224,team,True
person-0354,person-0249,team,True
person-0354,person-0264,team,True
person-0354,person-0084,team,True
person-0354,person-0099,team,True
person-0354,person-0144,team,True
person-0354,person-0069,team,True
person-0354,person-0024,team,True
person-0354,person-0029,team,True
person-0359,person-0179,team,True
person-0359,person-0224,team,True
person-0359,person-0249,team,True
person-0359,person-0264,team,True
person-0359,person-0084,team,True
person-0359,person-0099,team,True
person-0359,person-0144,team,True
person-0359,person-0069,team,True
person-0359,person-0024,team,True
person-0359,person-0029,team,True
person-0179,person-0224,team,True
person-0179,person-0249,team,True
person-0179,person-0264,team,True
person-0179,person-0084,team,True
person-0179,person-0099,team,True
person-0179,person-0144,team,True
person-0179,person-0069,team,True
person-0179,person-0024,team,True
person-0179,person-0029,team,True
person-0224,person-0249,team,True
person-0224,person-0264,team,True
person-0224,person-0084,team,True
person-0224,person-0099,team,True
person-0224,person-0144,team,True
person-0224,person-0069,team,True
person-0224,person-0024,team,True
person-0224,person-0029,team,True
person-0249,person-0264,team,True
person-0249,person-0084,team,True
person-0249,person-0099,team,True
person-0249,person-0144,team,True
person-0249,person-0069,team,True
person-0249,person-0024,team,True
person-0249,person-0029,team,True
person-0264,person-0084,team,True
person-0264,person-0099,team,True
person-0264,person-0144,team,True
person-0264,person-0069,team,True
person-0264,person-0024,team,True
person-0264,person-0029,team,True
person-0084,person-0099,team,True
person-0084,person-0144,team,True
person-0084,person-0069,team,True
person-0084,person-0024,team,True
person-0084,person-0029,team,True
person-0099,person-0144,team,True
person-0099,person-0069,team,True
person-0099,person-0024,team,True
person-0099,person-0029,team,True
person-0144,person-0069,team,True
person-0144,person-0024,team,True
person-0144,person-0029,team,True
person-0069,person-0024,team,True
person-0069,person-0029,team,True
person-0024,person-0029,team,True
person-0291,person-0301,team,True
person-0291,person-0316,team,True
person-0291,person-0321,team,True
person-0291,person-0331,team,True
person-0291,person-0336,team,True
person-0291,person-0356,team,True
person-0291,person-0361,team,True
person-0291,person-0166,team,True
person-0291,person-0181,team,True
person-0291,person-0226,team,True
person-0291,person-0076,team,True
person-0291,person-0086,team,True
person-0291,person-0111,team,True
person-0291,person-0116,team,True
person-0291,person-0036,team,True
person-0291,person-0056,team,True
person-0291,person-0061,team,True
person-0291,person-0031,team,True
person-0291,person-0011,team,True
person-0291,person-0375,team,True
person-0291,person-0390,team,True
person-0301,person-0316,team,True
person-0301,person-0321,team,True
person-0301,person-0331,team,True
person-0301,person-0336,team,True
person-0301,person-0356,team,True
person-0301,person-0361,team,True
person-0301,person-0166,team,True
person-0301,person-0181,team,True
person-0301,person-0226,team,True
person-0301,person-0076,team,True
person-0301,person-0086,team,True
person-0301,person-0111,team,True
person-0301,person-0116,team,True
person-0301,person-0036,team,True
person-0301,person-0056,team,True
person-0301,person-0061,team,True
person-0301,person-0031,team,True
person-0301,person-0011,team,True
person-0301,person-0375,team,True
person-0301,person-0390,team,True
person-0316,person-0321,team,True
person-0316,person-0331,team,True
person-0316,person-0336,team,True
person-0316,person-0356,team,True
person-0316,person-0361,team,True
person-0316,person-0166,team,True
person-0316,person-0181,team,True
person-0316,person-0226,team,True
person-0316,person-0076,team,True
person-0316,person-0086,team,True
person-0316,person-0111,team,True
person-0316,person-0116,team,True
person-0316,person-0036,team,True
person-0316,person-0056,team,True
person-0316,person-0061,team,True
person-0316,person-0031,team,True
person-0316,person-0011,team,True
person-0316,person-0375,team,True
person-0316,person-0390,team,True
person-0321,person-0331,team,True
person-0321,person-0336,team,True
person-0321,person-0356,team,True
person-0321,person-0361,team,True
person-0321,person-0166,team,True
person-0321,person-0181,team,True
person-0321,person-0226,team,True
person-0321,person-0076,team,True
person-0321,person-0086,team,True
person-0321,person-0111,team,True
person-0321,person-0116,team,True
person-0321,person-0036,team,True
person-0321,person-0056,team,True
person-0321,person-0061,team,True
person-0321,person-0031,team,True
person-0321,person-0011,team,True
person-0321,person-0375,team,True
person-0321,person-0390,team,True
person-0331,person-0336,team,True
person-0331,person-0356,team,True
person-0331,person-0361,team,True
person-0331,person-0166,team,True
person-0331,person-0181,team,True
person-0331,person-0226,team,True
person-0331,person-0076,team,True
person-0331,person-0086,team,True
person-0331,person-0111,team,True
person-0331,person-0116,team,True
person-0331,person-0036,team,True
person-0331,person-0056,team,True
person-0331,person-0061,team,True
person-0331,person-0031,team,True
person-0331,person-0011,team,True
person-0331,person-0375,team,True
person-0331,person-0390,team,True
person-0336,person-0356,team,True
person-0336,person-0361,team,True
person-0336,person-0166,team,True
person-0336,person-0181,team,True
person-0336,person-0226,team,True
person-0336,person-0076,team,True
person-0336,person-0086,team,True
person-0336,person-0111,team,True
person-0336,person-0116,team,True
person-0336,person-0036,team,True
person-0336,person-0056,team,True
person-0336,person-0061,team,True
person-0336,person-0031,team,True
person-0336,person-0011,team,True
person-0336,person-0375,team,True
person-0336,person-0390,team,True
person-0356,person-0361,team,True
person-0356,person-0166,team,True
person-0356,person-0181,team,True
person-0356,person-0226,team,True
person-0356,person-0076,team,True
person-0356,person-0086,team,True
person-0356,person-0111,team,True
person-0356,person-0116,team,True
person-0356,person-0036,team,True
person-0356,person-0056,team,True
person-0356,person-0061,team,True
person-0356,person-0031,team,True
person-0356,person-0011,team,True
person-0356,person-0375,team,True
person-0356,person-0390,team,True
person-0361,person-0166,team,True
person-0361,person-0181,team,True
person-0361,person-0226,team,True
person-0361,person-0076,team,True
person-0361,person-0086,team,True
person-0361,person-0111,team,True
person-0361,person-0116,team,True
person-0361,person-0036,team,True
person-0361,person-0056,team,True
person-0361,person-0061,team,True
person-0361,person-0031,team,True
person-0361,person-0011,team,True
person-0361,person-0375,team,True
person-0361,person-0390,team,True
person-0166,person-0181,team,True
person-0166,person-0226,team,True
person-0166,person-0076,team,True
person-0166,person-0086,team,True
person-0166,person-0111,team,True
person-0166,person-0116,team,True
person-0166,person-0036,team,True
person-0166,person-0056,team,True
person-0166,person-0061,team,True
person-0166,person-0031,team,True
person-0166,person-0011,team,True
person-0166,person-0375,team,True
person-0166,person-0390,team,True
person-0181,person-0226,team,True
person-0181,person-0076,team,True
person-0181,person-0086,team,True
person-0181,person-0111,team,True
person-0181,person-0116,team,True
person-0181,person-0036,team,True
person-0181,person-0056,team,True
person-0181,person-0061,team,True
person-0181,person-0031,team,True
person-0181,person-0011,team,True
person-0181,person-0375,team,True
person-0181,person-0390,team,True
person-0226,person-0076,team,True
person-0226,person-0086,team,True
person-0226,person-0111,team,True
person-0226,person-0116,team,True
person-0226,person-0036,team,True
person-0226,person-0056,team,True
person-0226,person-0061,team,True
person-0226,person-0031,team,True
person-0226,person-0011,team,True
person-0226,person-0375,team,True
person-0226,person-0390,team,True
person-0076,person-0086,team,True
person-0076,person-0111,team,True
person-0076,person-0116,team,True
person-0076,person-0036,team,True
person-0076,person-0056,team,True
person-0076,person-0061,team,True
person-0076,person-0031,team,True
person-0076,person-0011,team,True
person-0076,person-0375,team,True
person-0076,person-0390,team,True
person-0086,person-0111,team,True
person-0086,person-0116,team,True
person-0086,person-0036,team,True
person-0086,person-0056,team,True
person-0086,person-0061,team,True
person-0086,person-0031,team,True
person-0086,person-0011,team,True
person-0086,person-0375,team,True
person-0086,person-0390,team,True
person-0111,person-0116,team,True
person-0111,person-0036,team,True
person-0111,person-0056,team,True
person-0111,person-0061,team,True
person-0111,person-0031,team,True
person-0111,person-0011,team,True
person-0111,person-0375,team,True
person-0111,person-0390,team,True
person-0116,person-0036,team,True
person-0116,person-0056,team,True
person-0116,person-0061,team,True
person-0116,person-0031,team,True
person-0116,person-0011,team,True
person-0116,person-0375,team,True
person-0116,person-0390,team,True
person-0036,person-0056,team,True
person-0036,person-0061,team,True
person-0036,person-0031,team,True
person-0036,person-0011,team,True
person-0036,person-0375,team,True
person-0036,person-0390,team,True
person-0056,person-0061,team,True
person-0056,person-0031,team,True
person-0056,person-0011,team,True
person-0056,person-0375,team,True
person-0056,person-0390,team,True
person-0061,person-0031,team,True
person-0061,person-0011,team,True
person-0061,person-0375,team,True
person-0061,person-0390,team,True
person-0031,person-0011,team,True
person-0031,person-0375,team,True
person-0031,person-0390,team,True
person-0011,person-0375,team,True
person-0011,person-0390,team,True
person-0375,person-0390,team,True
person-0294,person-0329,team,True
person-0294,person-0339,team,True
person-0294,person-0184,team,True
person-0294,person-0239,team,True
person-0294,person-0254,team,True
person-0294,person-0079,team,True
person-0294,person-0109,team,True
person-0294,person-0119,team,True
person-0294,person-0124,team,True
person-0294,person-0074,team,True
person-0294,person-0009,team,True
person-0294,person-0004,team,True
person-0294,person-0398,team,True
person-0329,person-0339,team,True
person-0329,person-0184,team,True
person-0329,person-0239,team,True
person-0329,person-0254,team,True
person-0329,person-0079,team,True
person-0329,person-0109,team,True
person-0329,person-0119,team,True
person-0329,person-0124,team,True
person-0329,person-0074,team,True
person-0329,person-0009,team,True
person-0329,person-0004,team,True
person-0329,person-0398,team,True
person-0339,person-0184,team,True
person-0339,person-0239,team,True
person-0339,person-0254,team,True
person-0339,person-0079,team,True
person-0339,person-0109,team,True
person-0339,person-0119,team,True
person-0339,person-0124,team,True
person-0339,person-0074,team,True
person-0339,person-0009,team,True
person-0339,person-0004,team,True
person-0339,person-0398,team,True
person-0184,person-0239,team,True
person-0184,person-0254,team,True
person-0184,person-0079,team,True
person-0184,person-0109,team,True
person-0184,person-0119,team,True
person-0184,person-0124,team,True
person-0184,person-0074,team,True
person-0184,person-0009,team,True
person-0184,person-0004,team,True
person-0184,person-0398,team,True
person-0239,person-0254,team,True
person-0239,person-0079,team,True
person-0239,person-0109,team,True
person-0239,person-0119,team,True
person-0239,person-0124,team,True
person-0239,person-0074,team,True
person-0239,person-0009,team,True
person-0239,person-0004,team,True
person-0239,person-0398,team,True
person-0254,person-0079,team,True
person-0254,person-0109,team,True
person-0254,person-0119,team,True
person-0254,person-0124,team,True
person-0254,person-0074,team,True
person-0254,person-0009,team,True
person-0254,person-0004,team,True
person-0254,person-0398,team,True
person-0079,person-0109,team,True
person-0079,person-0119,team,True
person-0079,person-0124,team,True
person-0079,person-0074,team,True
person-0079,person-0009,team,True
person-0079,person-0004,team,True
person-0079,person-0398,team,True
person-0109,person-0119,team,True
person-0109,person-0124,team,True
person-0109,person-0074,team,True
person-0109,person-0009,team,True
person-0109,person-0004,team,True
person-0109,person-0398,team,True
person-0119,person-0124,team,True
person-0119,person-0074,team,True
person-0119,person-0009,team,True
person-0119,person-0004,team,True
person-0119,person-0398,team,True
person-0124,person-0074,team,True
person-0124,person-0009,team,True
person-0124,person-0004,team,True
person-0124,person-0398,team,True
person-0074,person-0009,team,True
person-0074,person-0004,team,True
person-0074,person-0398,team,True
person-0009,person-0004,team,True
person-0009,person-0398,team,True
person-0004,person-0398,team,True
person-0302,person-0317,team,True
person-0302,person-0322,team,True
person-0302,person-0357,team,True
person-0302,person-0367,team,True
person-0302,person-0157,team,True
person-0302,person-0167,team,True
person-0302,person-0217,team,True
person-0302,person-0237,team,True
person-0302,person-0252,team,True
person-0302,person-0257,team,True
person-0302,person-0082,team,True
person-0302,person-0142,team,True
person-0302,person-0067,team,True
person-0302,person-0072,team,True
person-0302,person-0371,team,True
person-0302,person-0386,team,True
person-0302,person-0391,team,True
person-0317,person-0322,team,True
person-0317,person-0357,team,True
person-0317,person-0367,team,True
person-0317,person-0157,team,True
person-0317,person-0167,team,True
person-0317,person-0217,team,True
person-0317,person-0237,team,True
person-0317,person-0252,team,True
person-0317,person-0257,team,True
person-0317,person-0082,team,True
person-0317,person-0142,team,True
person-0317,person-0067,team,True
person-0317,person-0072,team,True
person-0317,person-0371,team,True
person-0317,person-0386,team,True
person-0317,person-0391,team,True
person-0322,person-0357,team,True
person-0322,person-0367,team,True
person-0322,person-0157,team,True
person-0322,person-0167,team,True
person-0322,person-0217,team,True
person-0322,person-0237,team,True
person-0322,person-0252,team,True
person-0322,person-0257,team,True
person-0322,person-0082,team,True
person-0322,person-0142,team,True
person-0322,person-0067,team,True
person-0322,person-0072,team,True
person-0322,person-0371,team,True
person-0322,person-0386,team,True
person-0322,person-0391,team,True
person-0357,person-0367,team,True
person-0357,person-0157,team,True
person-0357,person-0167,team,True
person-0357,person-0217,team,True
person-0357,person-0237,team,True
person-0357,person-0252,team,True
person-0357,person-0257,team,True
person-0357,person-0082,team,True
person-0357,person-0142,team,True
person-0357,person-0067,team,True
person-0357,person-0072,team,True
person-0357,person-0371,team,True
person-0357,person-0386,team,True
person-0357,person-0391,team,True
person-0367,person-0157,team,True
person-0367,person-0167,team,True
person-0367,person-0217,team,True
person-0367,person-0237,team,True
person-0367,person-0252,team,True
person-0367,person-0257,team,True
person-0367,person-0082,team,True
person-0367,person-0142,team,True
person-0367,person-0067,team,True
person-0367,person-0072,team,True
person-0367,person-0371,team,True
person-0367,person-0386,team,True
person-0367,person-0391,team,True
person-0157,person-0167,team,True
person-0157,person-0217,team,True
person-0157,person-0237,team,True
person-0157,person-0252,team,True
person-0157,person-0257,team,True
person-0157,person-0082,team,True
person-0157,person-0142,team,True
person-0157,person-0067,team,True
person-0157,person-0072,team,True
person-0157,person-0371,team,True
person-0157,person-0386,team,True
person-0157,person-0391,team,True
person-0167,person-0217,team,True
person-0167,person-0237,team,True
person-0167,person-0252,team,True
person-0167,person-0257,team,True
person-0167,person-0082,team,True
person-0167,person-0142,team,True
person-0167,person-0067,team,True
person-0167,person-0072,team,True
person-0167,person-0371,team,True
person-0167,person-0386,team,True
person-0167,person-0391,team,True
person-0217,person-0237,team,True
person-0217,person-0252,team,True
person-0217,person-0257,team,True
person-0217,person-0082,team,True
person-0217,person-0142,team,True
person-0217,person-0067,team,True
person-0217,person-0072,team,True
person-0217,person-0371,team,True
person-0217,person-0386,team,True
person-0217,person-0391,team,True
person-0237,person-0252,team,True
person-0237,person-0257,team,True
person-0237,person-0082,team,True
person-0237,person-0142,team,True
person-0237,person-0067,team,True
person-0237,person-0072,team,True
person-0237,person-0371,team,True
person-0237,person-0386,team,True
person-0237,person-0391,team,True
person-0252,person-0257,team,True
person-0252,person-0082,team,True
person-0252,person-0142,team,True
person-0252,person-0067,team,True
person-0252,person-0072,team,True
person-0252,person-0371,team,True
person-0252,person-0386,team,True
person-0252,person-0391,team,True
person-0257,person-0082,team,True
person-0257,person-0142,team,True
person-0257,person-0067,team,True
person-0257,person-0072,team,True
person-0257,person-0371,team,True
person-0257,person-0386,team,True
person-0257,person-0391,team,True
person-0082,person-0142,team,True
person-0082,person-0067,team,True
person-0082,person-0072,team,True
person-0082,person-0371,team,True
person-0082,person-0386,team,True
person-0082,person-0391,team,True
person-0142,person-0067,team,True
person-0142,person-0072,team,True
person-0142,person-0371,team,True
person-0142,person-0386,team,True
person-0142,person-0391,team,True
person-0067,person-0072,team,True
person-0067,person-0371,team,True
person-0067,person-0386,team,True
person-0067,person-0391,team,True
person-0072,person-0371,team,True
person-0072,person-0386,team,True
person-0072,person-0391,team,True
person-0371,person-0386,team,True
person-0371,person-0391,team,True
person-0386,person-0391,team,True
person-0350,person-0360,team,True
person-0350,person-0180,team,True
person-0350,person-0205,team,True
person-0350,person-0230,team,True
person-0350,person-0085,team,True
person-0350,person-0095,team,True
person-0350,person-0110,team,True
person-0350,person-0145,team,True
person-0350,person-0045,team,True
person-0350,person-0050,team,True
person-0350,person-0060,team,True
person-0350,person-0070,team,True
person-0350,person-0020,team,True
person-0350,person-0005,team,True
person-0350,person-0384,team,True
person-0350,person-0389,team,True
person-0350,person-0399,team,True
person-0360,person-0180,team,True
person-0360,person-0205,team,True
person-0360,person-0230,team,True
person-0360,person-0085,team,True
person-0360,person-0095,team,True
person-0360,person-0110,team,True
person-0360,person-0145,team,True
person-0360,person-0045,team,True
person-0360,person-0050,team,True
person-0360,person-0060,team,True
person-0360,person-0070,team,True
person-0360,person-0020,team,True
person-0360,person-0005,team,True
person-0360,person-0384,team,True
person-0360,person-0389,team,True
person-0360,person-0399,team,True
person-0180,person-0205,team,True
person-0180,person-0230,team,True
person-0180,person-0085,team,True
person-0180,person-0095,team,True
person-0180,person-0110,team,True
person-0180,person-0145,team,True
person-0180,person-0045,team,True
person-0180,person-0050,team,True
person-0180,person-0060,team,True
person-0180,person-0070,team,True
person-0180,person-0020,team,True
person-0180,person-0005,team,True
person-0180,person-0384,team,True
person-0180,person-0389,team,True
person-0180,person-0399,team,True
person-0205,person-0230,team,True
person-0205,person-0085,team,True
person-0205,person-0095,team,True
person-0205,person-0110,team,True
person-0205,person-0145,team,True
person-0205,person-0045,team,True
person-0205,person-0050,team,True
person-0205,person-0060,team,True
person-0205,person-0070,team,True
person-0205,person-0020,team,True
person-0205,person-0005,team,True
person-0205,person-0384,team,True
person-0205,person-0389,team,True
person-0205,person-0399,team,True
person-0230,person-0085,team,True
person-0230,person-0095,team,True
person-0230,person-0110,team,True
person-0230,person-0145,team,True
person-0230,person-0045,team,True
person-0230,person-0050,team,True
person-0230,person-0060,team,True
person-0230,person-0070,team,True
person-0230,person-0020,team,True
person-0230,person-0005,team,True
person-0230,person-0384,team,True
person-0230,person-0389,team,True
person-0230,person-0399,team,True
person-0085,person-0095,team,True
person-0085,person-0110,team,True
person-0085,person-0145,team,True
person-0085,person-0045,team,True
person-0085,person-0050,team,True
person-0085,person-0060,team,True
person-0085,person-0070,team,True
person-0085,person-0020,team,True
person-0085,person-0005,team,True
person-0085,person-0384,team,True
person-0085,person-0389,team,True
person-0085,person-0399,team,True
person-0095,person-0110,team,True
person-0095,person-0145,team,True
person-0095,person-0045,team,True
person-0095,person-0050,team,True
person-0095,person-0060,team,True
person-0095,person-0070,team,True
person-0095,person-0020,team,True
person-0095,person-0005,team,True
person-0095,person-0384,team,True
person-0095,person-0389,team,True
person-0095,person-0399,team,True
person-0110,person-0145,team,True
person-0110,person-0045,team,True
person-0110,person-0050,team,True
person-0110,person-0060,team,True
person-0110,person-0070,team,True
person-0110,person-0020,team,True
person-0110,person-0005,team,True
person-0110,person-0384,team,True
person-0110,person-0389,team,True
person-0110,person-0399,team,True
person-0145,person-0045,team,True
person-0145,person-0050,team,True
person-0145,person-0060,team,True
person-0145,person-0070,team,True
person-0145,person-0020,team,True
person-0145,person-0005,team,True
person-0145,person-0384,team,True
person-0145,person-0389,team,True
person-0145,person-0399,team,True
person-0045,person-0050,team,True
person-0045,person-0060,team,True
person-0045,person-0070,team,True
person-0045,person-0020,team,True
person-0045,person-0005,team,True
person-0045,person-0384,team,True
person-0045,person-0389,team,True
person-0045,person-0399,team,True
person-0050,person-0060,team,True
person-0050,person-0070,team,True
person-0050,person-0020,team,True
person-0050,person-0005,team,True
person-0050,person-0384,team,True
person-0050,person-0389,team,True
person-0050,person-0399,team,True
person-0060,person-0070,team,True
person-0060,person-0020,team,True
person-0060,person-0005,team,True
person-0060,person-0384,team,True
person-0060,person-0389,team,True
person-0060,person-0399,team,True
person-0070,person-0020,team,True
person-0070,person-0005,team,True
person-0070,person-0384,team,True
person-0070,person-0389,team,True
person-0070,person-0399,team,True
person-0020,person-0005,team,True
person-0020,person-0384,team,True
person-0020,person-0389,team,True
person-0020,person-0399,team,True
person-0005,person-0384,team,True
person-0005,person-0389,team,True
person-0005,person-0399,team,True
person-0384,person-0389,team,True
person-0384,person-0399,team,True
person-0389,person-0399,team,True
person-0358,person-0158,team,True
person-0358,person-0178,team,True
person-0358,person-0218,team,True
person-0358,person-0263,team,True
person-0358,person-0088,team,True
person-0358,person-0118,team,True
person-0358,person-0148,team,True
person-0358,person-0043,team,True
person-0358,person-0063,team,True
person-0358,person-0068,team,True
person-0358,person-0073,team,True
person-0358,person-0018,team,True
person-0358,person-0028,team,True
person-0358,person-0008,team,True
person-0358,person-0003,team,True
person-0158,person-0178,team,True
person-0158,person-0218,team,True
person-0158,person-0263,team,True
person-0158,person-0088,team,True
person-0158,person-0118,team,True
person-0158,person-0148,team,True
person-0158,person-0043,team,True
person-0158,person-0063,team,True
person-0158,person-0068,team,True
person-0158,person-0073,team,True
person-0158,person-0018,team,True
person-0158,person-0028,team,True
person-0158,person-0008,team,True
person-0158,person-0003,team,True
person-0178,person-0218,team,True
person-0178,person-0263,team,True
person-0178,person-0088,team,True
person-0178,person-0118,team,True
person-0178,person-0148,team,True
person-0178,person-0043,team,True
person-0178,person-0063,team,True
person-0178,person-0068,team,True
person-0178,person-0073,team,True
person-0178,person-0018,team,True
person-0178,person-0028,team,True
person-0178,person-0008,team,True
person-0178,person-0003,team,True
person-0218,person-0263,team,True
person-0218,person-0088,team,True
person-0218,person-0118,team,True
person-0218,person-0148,team,True
person-0218,person-0043,team,True
person-0218,person-0063,team,True
person-0218,person-0068,team,True
person-0218,person-0073,team,True
person-0218,person-0018,team,True
person-0218,person-0028,team,True
person-0218,person-0008,team,True
person-0218,person-0003,team,True
person-0263,person-0088,team,True
person-0263,person-0118,team,True
person-0263,person-0148,team,True
person-0263,person-0043,team,True
person-0263,person-0063,team,True
person-0263,person-0068,team,True
person-0263,person-0073,team,True
person-0263,person-0018,team,True
person-0263,person-0028,team,True
person-0263,person-0008,team,True
person-0263,person-0003,team,True
person-0088,person-0118,team,True
person-0088,person-0148,team,True
person-0088,person-0043,team,True
person-0088,person-0063,team,True
person-0088,person-0068,team,True
person-0088,person-0073,team,True
person-0088,person-0018,team,True
person-0088,person-0028,team,True
person-0088,person-0008,team,True
person-0088,person-0003,team,True
person-0118,person-0148,team,True
person-0118,person-0043,team,True
person-0118,person-0063,team,True
person-0118,person-0068,team,True
person-0118,person-0073,team,True
person-0118,person-0018,team,True
person-0118,person-0028,team,True
person-0118,person-0008,team,True
person-0118,person-0003,team,True
person-0148,person-0043,team,True
person-0148,person-0063,team,True
person-0148,person-0068,team,True
person-0148,person-0073,team,True
person-0148,person-0018,team,True
person-0148,person-0028,team,True
person-0148,person-0008,team,True
person-0148,person-0003,team,True
person-0043,person-0063,team,True
person-0043,person-0068,team,True
person-0043,person-0073,team,True
person-0043,person-0018,team,True
person-0043,person-0028,team,True
person-0043,person-0008,team,True
person-0043,person-0003,team,True
person-0063,person-0068,team,True
person-0063,person-0073,team,True
person-0063,person-0018,team,True
person-0063,person-0028,team,True
person-0063,person-0008,team,True
person-0063,person-0003,team,True
person-0068,person-0073,team,True
person-0068,person-0018,team,True
person-0068,person-0028,team,True
person-0068,person-0008,team,True
person-0068,person-0003,team,True
person-0073,person-0018,team,True
person-0073,person-0028,team,True
person-0073,person-0008,team,True
person-0073,person-0003,team,True
person-0018,person-0028,team,True
person-0018,person-0008,team,True
person-0018,person-0003,team,True
person-0028,person-0008,team,True
person-0028,person-0003,team,True
person-0008,person-0003,team,True
person-0137,person-0268,engagement,True
person-0137,person-0316,engagement,True
person-0137,person-0161,engagement,True
person-0137,person-0120,engagement,True
person-0137,person-0014,engagement,True
person-0137,person-0105,engagement,True
person-0268,person-0316,engagement,True
person-0268,person-0161,engagement,True
person-0268,person-0120,engagement,True
person-0268,person-0014,engagement,True
person-0268,person-0105,engagement,True
person-0316,person-0161,engagement,True
person-0316,person-0120,engagement,True
person-0316,person-0014,engagement,True
person-0316,person-0105,engagement,True
person-0161,person-0120,engagement,True
person-0161,person-0014,engagement,True
person-0161,person-0105,engagement,True
person-0120,person-0014,engagement,True
person-0014,person-0105,engagement,True
person-0358,person-0233,engagement,True
person-0358,person-0246,engagement,True
person-0358,person-0079,engagement,True
person-0358,person-0161,engagement,True
person-0358,person-0125,engagement,True
person-0233,person-0246,engagement,True
person-0233,person-0079,engagement,True
person-0233,person-0161,engagement,True
person-0233,person-0125,engagement,True
person-0246,person-0079,engagement,True
person-0246,person-0161,engagement,True
person-0246,person-0125,engagement,True
person-0079,person-0161,engagement,True
person-0079,person-0125,engagement,True
person-0161,person-0125,engagement,True
person-0329,person-0100,engagement,True
person-0329,person-0322,engagement,True
person-0329,person-0128,engagement,True
person-0329,person-0335,engagement,True
person-0329,person-0115,engagement,True
person-0329,person-0236,engagement,True
person-0329,person-0012,engagement,True
person-0329,person-0199,engagement,True
person-0329,person-0147,engagement,True
person-0100,person-0322,engagement,True
person-0100,person-0128,engagement,True
person-0100,person-0335,engagement,True
person-0100,person-0115,engagement,True
person-0100,person-0236,engagement,True
person-0100,person-0012,engagement,True
person-0100,person-0199,engagement,True
person-0100,person-0147,engagement,True
person-0322,person-0128,engagement,True
person-0322,person-0335,engagement,True
person-0322,person-0115,engagement,True
person-0322,person-0236,engagement,True
person-0322,person-0012,engagement,True
person-0322,person-0199,engagement,True
person-0322,person-0147,engagement,True
person-0128,person-0335,engagement,True
person-0128,person-0115,engagement,True
person-0128,person-0236,engagement,True
person-0128,person-0012,engagement,True
person-0128,person-0199,engagement,True
person-0128,person-0147,engagement,True
person-0335,person-0115,engagement,True
person-0335,person-0236,engagement,True
person-0335,person-0012,engagement,True
person-0335,person-0199,engagement,True
person-0335,person-0147,engagement,True
person-0115,person-0236,engagement,True
person-0115,person-0012,engagement,True
person-0115,person-0199,engagement,True
person-0115,person-0147,engagement,True
person-0236,person-0012,engagement,True
person-0236,person-0199,engagement,True
person-0236,person-0147,engagement,True
person-0012,person-0199,engagement,True
person-0012,person-0147,engagement,True
person-0199,person-0147,engagement,True
person-0197,person-0095,engagement,True
person-0197,person-0049,engagement,True
person-0197,person-0211,engagement,True
person-0197,person-0033,engagement,True
person-0197,person-0089,engagement,True
person-0197,person-0167,engagement,True
person-0197,person-0145,engagement,True
person-0197,person-0260,engagement,True
person-0197,person-0200,engagement,True
person-0197,person-0081,engagement,True
person-0095,person-0049,engagement,True
person-0095,person-0211,engagement,True
person-0095,person-0033,engagement,True
person-0095,person-0089,engagement,True
person-0095,person-0167,engagement,True
person-0095,person-0260,engagement,True
person-0095,person-0200,engagement,True
person-0095,person-0081,engagement,True
person-0049,person-0211,engagement,True
person-0049,person-0033,engagement,True
person-0049,person-0167,engagement,True
person-0049,person-0145,engagement,True
person-0049,person-0260,engagement,True
person-0049,person-0200,engagement,True
person-0049,person-0081,engagement,True
person-0211,person-0033,engagement,True
person-0211,person-0089,engagement,True
person-0211,person-0167,engagement,True
person-0211,person-0145,engagement,True
person-0211,person-0260,engagement,True
person-0211,person-0200,engagement,True
person-0211,person-0081,engagement,True
person-0033,person-0089,engagement,True
person-0033,person-0167,engagement,True
person-0033,person-0145,engagement,True
person-0033,person-0260,engagement,True
person-0033,person-0200,engagement,True
person-0033,person-0081,engagement,True
person-0089,person-0167,engagement,True
person-0089,person-0145,engagement,True
person-0089,person-0260,engagement,True
person-0089,person-0200,engagement,True
person-0089,person-0081,engagement,True
person-0167,person-0145,engagement,True
person-0167,person-0260,engagement,True
person-0167,person-0200,engagement,True
person-0167,person-0081,engagement,True
person-0145,person-0260,engagement,True
person-0145,person-0200,engagement,True
person-0145,person-0081,engagement,True
person-0260,person-0081,engagement,True
person-0200,person-0081,engagement,True
person-0357,person-0272,engagement,True
person-0357,person-0027,engagement,True
person-0357,person-0113,engagement,True
person-0357,person-0026,engagement,True
person-0357,person-0319,engagement,True
person-0357,person-0254,engagement,True
person-0357,person-0086,engagement,True
person-0357,person-0129,engagement,True
person-0357,person-0019,engagement,True
person-0272,person-0027,engagement,True
person-0272,person-0113,engagement,True
person-0272,person-0026,engagement,True
person-0272,person-0319,engagement,True
person-0272,person-0254,engagement,True
person-0272,person-0086,engagement,True
person-0272,person-0129,engagement,True
person-0272,person-0019,engagement,True
person-0027,person-0113,engagement,True
person-0027,person-0026,engagement,True
person-0027,person-0319,engagement,True
person-0027,person-0254,engagement,True
person-0027,person-0086,engagement,True
person-0027,person-0129,engagement,True
person-0027,person-0019,engagement,True
person-0113,person-0026,engagement,True
person-0113,person-0319,engagement,True
person-0113,person-0254,engagement,True
person-0113,person-0086,engagement,True
person-0113,person-0129,engagement,True
person-0113,person-0019,engagement,True
person-0026,person-0319,engagement,True
person-0026,person-0254,engagement,True
person-0026,person-0086,engagement,True
person-0026,person-0129,engagement,True
person-0026,person-0019,engagement,True
person-0319,person-0254,engagement,True
person-0319,person-0086,engagement,True
person-0319,person-0129,engagement,True
person-0254,person-0086,engagement,True
person-0254,person-0129,engagement,True
person-0254,person-0019,engagement,True
person-0086,person-0129,engagement,True
person-0086,person-0019,engagement,True
person-0129,person-0019,engagement,True
person-0007,person-0044,engagement,True
person-0007,person-0318,engagement,True
person-0007,person-0352,engagement,True
person-0007,person-0299,engagement,True
person-0007,person-0238,engagement,True
person-0007,person-0367,engagement,True
person-0007,person-0225,engagement,True
person-0007,person-0368,engagement,True
person-0007,person-0046,engagement,True
person-0007,person-0258,engagement,True
person-0044,person-0318,engagement,True
person-0044,person-0352,engagement,True
person-0044,person-0299,engagement,True
person-0044,person-0238,engagement,True
person-0044,person-0367,engagement,True
person-0044,person-0225,engagement,True
person-0044,person-0368,engagement,True
person-0044,person-0046,engagement,True
person-0044,person-0258,engagement,True
person-0318,person-0352,engagement,True
person-0318,person-0299,engagement,True
person-0318,person-0238,engagement,True
person-0318,person-0367,engagement,True
person-0318,person-0225,engagement,True
person-0318,person-0046,engagement,True
person-0318,person-0258,engagement,True
person-0352,person-0299,engagement,True
person-0352,person-0238,engagement,True
person-0352,person-0367,engagement,True
person-0352,person-0225,engagement,True
person-0352,person-0368,engagement,True
person-0352,person-0046,engagement,True
person-0352,person-0258,engagement,True
person-0299,person-0238,engagement,True
person-0299,person-0367,engagement,True
person-0299,person-0225,engagement,True
person-0299,person-0368,engagement,True
person-0299,person-0046,engagement,True
person-0299,person-0258,engagement,True
person-0238,person-0367,engagement,True
person-0238,person-0225,engagement,True
person-0238,person-0368,engagement,True
person-0238,person-0046,engagement,True
person-0367,person-0225,engagement,True
person-0367,person-0368,engagement,True
person-0367,person-0046,engagement,True
person-0367,person-0258,engagement,True
person-0225,person-0368,engagement,True
person-0225,person-0046,engagement,True
person-0225,person-0258,engagement,True
person-0368,person-0046,engagement,True
person-0368,person-0258,engagement,True
person-0046,person-0258,engagement,True
person-0002,person-0039,engagement,True
person-0002,person-0045,engagement,True
person-0002,person-0191,engagement,True
person-0002,person-0071,engagement,True
person-0002,person-0256,engagement,True
person-0002,person-0234,engagement,True
person-0002,person-0105,engagement,True
person-0002,person-0023,engagement,True
person-0039,person-0045,engagement,True
person-0039,person-0191,engagement,True
person-0039,person-0071,engagement,True
person-0039,person-0256,engagement,True
person-0039,person-0105,engagement,True
person-0039,person-0023,engagement,True
person-0045,person-0191,engagement,True
person-0045,person-0071,engagement,True
person-0045,person-0256,engagement,True
person-0045,person-0234,engagement,True
person-0045,person-0105,engagement,True
person-0045,person-0023,engagement,True
person-0191,person-0071,engagement,True
person-0191,person-0234,engagement,True
person-0191,person-0105,engagement,True
person-0191,person-0023,engagement,True
person-0071,person-0256,engagement,True
person-0071,person-0234,engagement,True
person-0071,person-0105,engagement,True
person-0071,person-0023,engagement,True
person-0256,person-0234,engagement,True
person-0256,person-0105,engagement,True
person-0256,person-0023,engagement,True
person-0234,person-0105,engagement,True
person-0234,person-0023,engagement,True
person-0105,person-0023,engagement,True
person-0321,person-0328,engagement,True
person-0321,person-0180,engagement,True
person-0321,person-0112,engagement,True
person-0321,person-0170,engagement,True
person-0321,person-0063,engagement,True
person-0321,person-0334,engagement,True
person-0321,person-0281,engagement,True
person-0321,person-0293,engagement,True
person-0321,person-0300,engagement,True
person-0328,person-0180,engagement,True
person-0328,person-0112,engagement,True
person-0328,person-0116,engagement,True
person-0328,person-0170,engagement,True
person-0328,person-0063,engagement,True
person-0328,person-0334,engagement,True
person-0328,person-0281,engagement,True
person-0328,person-0316,engagement,True
person-0328,person-0300,engagement,True
person-0180,person-0112,engagement,True
person-0180,person-0116,engagement,True
person-0180,person-0170,engagement,True
person-0180,person-0063,engagement,True
person-0180,person-0334,engagement,True
person-0180,person-0281,engagement,True
person-0180,person-0316,engagement,True
person-0180,person-0293,engagement,True
person-0180,person-0300,engagement,True
person-0112,person-0116,engagement,True
person-0112,person-0170,engagement,True
person-0112,person-0063,engagement,True
person-0112,person-0334,engagement,True
person-0112,person-0281,engagement,True
person-0112,person-0316,engagement,True
person-0112,person-0293,engagement,True
person-0112,person-0300,engagement,True
person-0116,person-0170,engagement,True
person-0116,person-0063,engagement,True
person-0116,person-0334,engagement,True
person-0116,person-0281,engagement,True
person-0116,person-0293,engagement,True
person-0116,person-0300,engagement,True
person-0170,person-0063,engagement,True
person-0170,person-0334,engagement,True
person-0170,person-0281,engagement,True
person-0170,person-0316,engagement,True
person-0170,person-0293,engagement,True
person-0170,person-0300,engagement,True
person-0063,person-0334,engagement,True
person-0063,person-0281,engagement,True
person-0063,person-0316,engagement,True
person-0063,person-0293,engagement,True
person-0063,person-0300,engagement,True
person-0334,person-0281,engagement,True
person-0334,person-0316,engagement,True
person-0334,person-0293,engagement,True
person-0334,person-0300,engagement,True
person-0281,person-0316,engagement,True
person-0281,person-0293,engagement,True
person-0281,person-0300,engagement,True
person-0316,person-0293,engagement,True
person-0316,person-0300,engagement,True
person-0293,person-0300,engagement,True
person-0219,person-0344,engagement,True
person-0219,person-0207,engagement,True
person-0219,person-0060,engagement,True
person-0219,person-0061,engagement,True
person-0219,person-0315,engagement,True
person-0219,person-0305,engagement,True
person-0219,person-0020,engagement,True
person-0219,person-0128,engagement,True
person-0219,person-0100,engagement,True
person-0219,person-0202,engagement,True
person-0219,person-0116,engagement,True
person-0219,person-0113,engagement,True
person-0344,person-0207,engagement,True
person-0344,person-0060,engagement,True
person-0344,person-0061,engagement,True
person-0344,person-0315,engagement,True
person-0344,person-0305,engagement,True
person-0344,person-0020,engagement,True
person-0344,person-0128,engagement,True
person-0344,person-0114,engagement,True
person-0344,person-0100,engagement,True
person-0344,person-0369,engagement,True
person-0344,person-0202,engagement,True
person-0344,person-0116,engagement,True
person-0344,person-0113,engagement,True
person-0207,person-0060,engagement,True
person-0207,person-0061,engagement,True
person-0207,person-0315,engagement,True
person-0207,person-0305,engagement,True
person-0207,person-0020,engagement,True
person-0207,person-0128,engagement,True
person-0207,person-0114,engagement,True
person-0207,person-0100,engagement,True
person-0207,person-0369,engagement,True
person-0207,person-0116,engagement,True
person-0207,person-0113,engagement,True
person-0060,person-0061,engagement,True
person-0060,person-0315,engagement,True
person-0060,person-0305,engagement,True
person-0060,person-0128,engagement,True
person-0060,person-0114,engagement,True
person-0060,person-0100,engagement,True
person-0060,person-0369,engagement,True
person-0060,person-0202,engagement,True
person-0060,person-0116,engagement,True
person-0060,person-0113,engagement,True
person-0061,person-0315,engagement,True
person-0061,person-0305,engagement,True
person-0061,person-0020,engagement,True
person-0061,person-0128,engagement,True
person-0061,person-0114,engagement,True
person-0061,person-0100,engagement,True
person-0061,person-0369,engagement,True
person-0061,person-0202,engagement,True
person-0061,person-0113,engagement,True
person-0315,person-0020,engagement,True
person-0315,person-0128,engagement,True
person-0315,person-0114,engagement,True
person-0315,person-0100,engagement,True
person-0315,person-0369,engagement,True
person-0315,person-0202,engagement,True
person-0315,person-0116,engagement,True
person-0315,person-0113,engagement,True
person-0305,person-0020,engagement,True
person-0305,person-0128,engagement,True
person-0305,person-0114,engagement,True
person-0305,person-0100,engagement,True
person-0305,person-0369,engagement,True
person-0305,person-0202,engagement,True
person-0305,person-0116,engagement,True
person-0305,person-0113,engagement,True
person-0020,person-0128,engagement,True
person-0020,person-0114,engagement,True
person-0020,person-0100,engagement,True
person-0020,person-0369,engagement,True
person-0020,person-0202,engagement,True
person-0020,person-0116,engagement,True
person-0020,person-0113,engagement,True
person-0128,person-0114,engagement,True
person-0128,person-0369,engagement,True
person-0128,person-0202,engagement,True
person-0128,person-0116,engagement,True
person-0114,person-0100,engagement,True
person-0114,person-0202,engagement,True
person-0114,person-0116,engagement,True
person-0114,person-0113,engagement,True
person-0100,person-0369,engagement,True
person-0100,person-0202,engagement,True
person-0100,person-0116,engagement,True
person-0100,person-0113,engagement,True
person-0369,person-0202,engagement,True
person-0369,person-0116,engagement,True
person-0369,person-0113,engagement,True
person-0202,person-0116,engagement,True
person-0202,person-0113,engagement,True
person-0116,person-0113,engagement,True
person-0082,person-0326,engagement,True
person-0082,person-0248,engagement,True
person-0082,person-0092,engagement,True
person-0082,person-0213,engagement,True
person-0326,person-0248,engagement,True
person-0326,person-0092,engagement,True
person-0326,person-0213,engagement,True
person-0248,person-0092,engagement,True
person-0248,person-0213,engagement,True
person-0092,person-0213,engagement,True
person-0147,person-0019,engagement,True
person-0147,person-0207,engagement,True
person-0147,person-0013,engagement,True
person-0147,person-0350,engagement,True
person-0147,person-0113,engagement,True
person-0147,person-0082,engagement,True
person-0019,person-0207,engagement,True
person-0019,person-0013,engagement,True
person-0019,person-0350,engagement,True
person-0019,person-0082,engagement,True
person-0207,person-0013,engagement,True
person-0207,person-0350,engagement,True
person-0207,person-0082,engagement,True
person-0013,person-0350,engagement,True
person-0013,person-0082,engagement,True
person-0350,person-0113,engagement,True
person-0350,person-0082,engagement,True
person-0113,person-0082,engagement,True
person-0153,person-0027,engagement,True
person-0153,person-0113,engagement,True
person-0153,person-0019,engagement,True
person-0153,person-0145,engagement,True
person-0153,person-0032,engagement,True
person-0027,person-0145,engagement,True
person-0027,person-0032,engagement,True
person-0113,person-0145,engagement,True
person-0113,person-0032,engagement,True
person-0019,person-0145,engagement,True
person-0019,person-0032,engagement,True
person-0145,person-0032,engagement,True
person-0121,person-0294,engagement,True
person-0121,person-0252,engagement,True
person-0121,person-0186,engagement,True
person-0121,person-0115,engagement,True
person-0121,person-0044,engagement,True
person-0121,person-0245,engagement,True
person-0294,person-0252,engagement,True
person-0294,person-0186,engagement,True
person-0294,person-0115,engagement,True
person-0294,person-0044,engagement,True
person-0294,person-0245,engagement,True
person-0252,person-0186,engagement,True
person-0252,person-0115,engagement,True
person-0252,person-0044,engagement,True
person-0252,person-0245,engagement,True
person-0186,person-0115,engagement,True
person-0186,person-0044,engagement,True
person-0186,person-0245,engagement,True
person-0115,person-0044,engagement,True
person-0115,person-0245,engagement,True
person-0044,person-0245,engagement,True
person-0044,person-0289,engagement,True
person-0044,person-0331,engagement,True
person-0044,person-0239,engagement,True
person-0044,person-0230,engagement,True
person-0289,person-0331,engagement,True
person-0289,person-0239,engagement,True
person-0289,person-0230,engagement,True
person-0331,person-0239,engagement,True
person-0331,person-0230,engagement,True
person-0239,person-0230,engagement,True
person-0081,person-0228,engagement,True
person-0081,person-0234,engagement,True
person-0081,person-0262,engagement,True
person-0081,person-0294,engagement,True
person-0228,person-0234,engagement,True
person-0228,person-0262,engagement,True
person-0228,person-0231,engagement,True
person-0228,person-0294,engagement,True
person-0234,person-0262,engagement,True
person-0234,person-0231,engagement,True
person-0234,person-0294,engagement,True
person-0262,person-0231,engagement,True
person-0262,person-0294,engagement,True
person-0231,person-0294,engagement,True
person-0045,person-0309,engagement,True
person-0045,person-0034,engagement,True
person-0045,person-0299,engagement,True
person-0045,person-0208,engagement,True
person-0045,person-0324,engagement,True
person-0045,person-0224,engagement,True
person-0045,person-0352,engagement,True
person-0045,person-0276,engagement,True
person-0309,person-0034,engagement,True
person-0309,person-0299,engagement,True
person-0309,person-0208,engagement,True
person-0309,person-0324,engagement,True
person-0309,person-0224,engagement,True
person-0309,person-0352,engagement,True
person-0309,person-0276,engagement,True
person-0034,person-0299,engagement,True
person-0034,person-0208,engagement,True
person-0034,person-0324,engagement,True
person-0034,person-0224,engagement,True
person-0034,person-0352,engagement,True
person-0034,person-0276,engagement,True
person-0299,person-0208,engagement,True
person-0299,person-0276,engagement,True
person-0208,person-0324,engagement,True
person-0208,person-0224,engagement,True
person-0208,person-0352,engagement,True
person-0208,person-0276,engagement,True
person-0324,person-0352,engagement,True
person-0324,person-0276,engagement,True
person-0224,person-0352,engagement,True
person-0224,person-0276,engagement,True
person-0352,person-0276,engagement,True
person-0152,person-0125,engagement,True
person-0152,person-0077,engagement,True
person-0152,person-0188,engagement,True
person-0152,person-0276,engagement,True
person-0152,person-0008,engagement,True
person-0152,person-0043,engagement,True
person-0152,person-0277,engagement,True
person-0152,person-0214,engagement,True
person-0152,person-0245,engagement,True
person-0125,person-0077,engagement,True
person-0125,person-0188,engagement,True
person-0125,person-0276,engagement,True
person-0125,person-0008,engagement,True
person-0125,person-0102,engagement,True
person-0125,person-0043,engagement,True
person-0125,person-0277,engagement,True
person-0125,person-0214,engagement,True
person-0077,person-0188,engagement,True
person-0077,person-0276,engagement,True
person-0077,person-0008,engagement,True
person-0077,person-0102,engagement,True
person-0077,person-0043,engagement,True
person-0077,person-0277,engagement,True
person-0077,person-0214,engagement,True
person-0077,person-0245,engagement,True
person-0188,person-0276,engagement,True
person-0188,person-0008,engagement,True
person-0188,person-0102,engagement,True
person-0188,person-0043,engagement,True
person-0188,person-0277,engagement,True
person-0188,person-0214,engagement,True
person-0188,person-0245,engagement,True
person-0276,person-0008,engagement,True
person-0276,person-0102,engagement,True
person-0276,person-0043,engagement,True
person-0276,person-0277,engagement,True
person-0276,person-0214,engagement,True
person-0276,person-0245,engagement,True
person-0008,person-0102,engagement,True
person-0008,person-0277,engagement,True
person-0008,person-0214,engagement,True
person-0008,person-0245,engagement,True
person-0102,person-0043,engagement,True
person-0102,person-0277,engagement,True
person-0102,person-0214,engagement,True
person-0102,person-0245,engagement,True
person-0043,person-0277,engagement,True
person-0043,person-0214,engagement,True
person-0043,person-0245,engagement,True
person-0277,person-0214,engagement,True
person-0277,person-0245,engagement,True
person-0214,person-0245,engagement,True
person-0317,person-0035,engagement,True
person-0317,person-0027,engagement,True
person-0317,person-0224,engagement,True
person-0317,person-0116,engagement,True
person-0317,person-0119,engagement,True
person-0317,person-0023,engagement,True
person-0317,person-0225,engagement,True
person-0317,person-0351,engagement,True
person-0317,person-0056,engagement,True
person-0317,person-0205,engagement,True
person-0035,person-0027,engagement,True
person-0035,person-0157,engagement,True
person-0035,person-0224,engagement,True
person-0035,person-0116,engagement,True
person-0035,person-0119,engagement,True
person-0035,person-0023,engagement,True
person-0035,person-0351,engagement,True
person-0035,person-0056,engagement,True
person-0035,person-0205,engagement,True
person-0027,person-0157,engagement,True
person-0027,person-0224,engagement,True
person-0027,person-0116,engagement,True
person-0027,person-0119,engagement,True
person-0027,person-0023,engagement,True
person-0027,person-0225,engagement,True
person-0027,person-0351,engagement,True
person-0027,person-0056,engagement,True
person-0027,person-0205,engagement,True
person-0157,person-0224,engagement,True
person-0157,person-0116,engagement,True
person-0157,person-0119,engagement,True
person-0157,person-0023,engagement,True
person-0157,person-0225,engagement,True
person-0157,person-0351,engagement,True
person-0157,person-0056,engagement,True
person-0157,person-0205,engagement,True
person-0224,person-0116,engagement,True
person-0224,person-0119,engagement,True
person-0224,person-0023,engagement,True
person-0224,person-0225,engagement,True
person-0224,person-0351,engagement,True
person-0224,person-0056,engagement,True
person-0224,person-0205,engagement,True
person-0116,person-0119,engagement,True
person-0116,person-0023,engagement,True
person-0116,person-0225,engagement,True
person-0116,person-0351,engagement,True
person-0116,person-0205,engagement,True
person-0119,person-0023,engagement,True
person-0119,person-0225,engagement,True
person-0119,person-0351,engagement,True
person-0119,person-0056,engagement,True
person-0119,person-0205,engagement,True
person-0023,person-0225,engagement,True
person-0023,person-0351,engagement,True
person-0023,person-0056,engagement,True
person-0023,person-0205,engagement,True
person-0225,person-0351,engagement,True
person-0225,person-0056,engagement,True
person-0225,person-0205,engagement,True
person-0351,person-0056,engagement,True
person-0351,person-0205,engagement,True
person-0056,person-0205,engagement,True
person-0136,person-0199,engagement,True
person-0136,person-0187,engagement,True
person-0136,person-0290,engagement,True
person-0136,person-0204,engagement,True
person-0161,person-0199,engagement,True
person-0161,person-0187,engagement,True
person-0161,person-0290,engagement,True
person-0161,person-0204,engagement,True
person-0199,person-0187,engagement,True
person-0199,person-0290,engagement,True
person-0199,person-0204,engagement,True
person-0187,person-0290,engagement,True
person-0187,person-0204,engagement,True
person-0290,person-0204,engagement,True
person-0004,person-0038,engagement,True
person-0004,person-0314,engagement,True
person-0004,person-0045,engagement,True
person-0004,person-0224,engagement,True
person-0004,person-0191,engagement,True
person-0038,person-0314,engagement,True
person-0038,person-0045,engagement,True
person-0038,person-0224,engagement,True
person-0038,person-0191,engagement,True
person-0314,person-0045,engagement,True
person-0314,person-0224,engagement,True
person-0314,person-0191,engagement,True
person-0224,person-0191,engagement,True
